_id,Study,Body,Tumour Mutation Burden
100-009-002_875956_FzTB_3_FzTS_1_LCM_1-v1,PASS01,"[{'Chromosome': '12p12.1', 'Copy State': 'Neutral', 'Gene': 'KRAS', 'Gene_URL': 'https://www.oncokb.org/gene/KRAS', 'OncoKB': 'Level 4', 'Protein': 'p.G12R', 'Protein_URL': 'https://www.oncokb.org/gene/KRAS/p.G12R/PAAD', 'Type': 'Missense Mutation', 'VAF (%)': 43, 't_alt_count': 55, 't_depth': 128}, {'Chromosome': '17p13.1', 'Copy State': 'Shallow Deletion', 'Gene': 'TP53', 'Gene_URL': 'https://www.oncokb.org/gene/TP53', 'OncoKB': 'Oncogenic', 'Protein': 'p.R175H', 'Protein_URL': 'https://www.oncokb.org/gene/TP53/p.R175H/PAAD', 'Type': 'Missense Mutation', 'VAF (%)': 72, 't_alt_count': 76, 't_depth': 106}]",48
100-009-004_LCM6-v1,PASS01,"[{'Chromosome': '12p12.1', 'Copy State': 'Amplification', 'Gene': 'KRAS', 'Gene_URL': 'https://www.oncokb.org/gene/KRAS', 'OncoKB': 'Level 4', 'Protein': 'p.G12D', 'Protein_URL': 'https://www.oncokb.org/gene/KRAS/p.G12D/PAAD', 'Type': 'Missense Mutation', 'VAF (%)': 23, 't_alt_count': 30, 't_depth': 129}, {'Chromosome': '17p13.1', 'Copy State': 'Shallow Deletion', 'Gene': 'TP53', 'Gene_URL': 'https://www.oncokb.org/gene/TP53', 'OncoKB': 'Likely Oncogenic', 'Protein': 'p.R248Q', 'Protein_URL': 'https://www.oncokb.org/gene/TP53/p.R248Q/PAAD', 'Type': 'Missense Mutation', 'VAF (%)': 74, 't_alt_count': 49, 't_depth': 66}]",29
100-009-005_LCM3-v1,PASS-01,"[{'Chromosome': '9p21.3', 'Copy State': 'Shallow Deletion', 'Gene': 'CDKN2A', 'Gene_URL': 'https://www.oncokb.org/gene/CDKN2A', 'OncoKB': 'Level 4', 'Protein': 'p.X153_splice', 'Protein_URL': 'https://www.oncokb.org/gene/CDKN2A/p.X153_splice/PAAD', 'Type': 'Splice Site', 'VAF (%)': 77, 't_alt_count': 68, 't_depth': 88}, {'Chromosome': '12p12.1', 'Copy State': 'Neutral', 'Gene': 'KRAS', 'Gene_URL': 'https://www.oncokb.org/gene/KRAS', 'OncoKB': 'Level 4', 'Protein': 'p.G12D', 'Protein_URL': 'https://www.oncokb.org/gene/KRAS/p.G12D/PAAD', 'Type': 'Missense Mutation', 'VAF (%)': 35, 't_alt_count': 47, 't_depth': 133}, {'Chromosome': '17p13.1', 'Copy State': 'Shallow Deletion', 'Gene': 'TP53', 'Gene_URL': 'https://www.oncokb.org/gene/TP53', 'OncoKB': 'Likely Oncogenic', 'Protein': 'p.S241F', 'Protein_URL': 'https://www.oncokb.org/gene/TP53/p.S241F/PAAD', 'Type': 'Missense Mutation', 'VAF (%)': 77, 't_alt_count': 58, 't_depth': 75}, {'Chromosome': '17q22', 'Copy State': 'Neutral', 'Gene': 'RNF43', 'Gene_URL': 'https://www.oncokb.org/gene/RNF43', 'OncoKB': 'Likely Oncogenic', 'Protein': 'p.M1?', 'Protein_URL': 'https://www.oncokb.org/gene/RNF43/p.M1?/PAAD', 'Type': 'Frame Shift Ins', 'VAF (%)': 45, 't_alt_count': 59, 't_depth': 130}]",42
100-009-006_LCM3-v1,PASS-01,"[{'Chromosome': '12p12.1', 'Copy State': 'Amplification', 'Gene': 'KRAS', 'Gene_URL': 'https://www.oncokb.org/gene/KRAS', 'OncoKB': 'Level 4', 'Protein': 'p.G12D', 'Protein_URL': 'https://www.oncokb.org/gene/KRAS/p.G12D/PAAD', 'Type': 'Missense Mutation', 'VAF (%)': 75, 't_alt_count': 184, 't_depth': 244}, {'Chromosome': '7q36.1', 'Copy State': 'Neutral', 'Gene': 'KMT2C', 'Gene_URL': 'https://www.oncokb.org/gene/KMT2C', 'OncoKB': 'Likely Oncogenic', 'Protein': 'p.S807Lfs*47', 'Protein_URL': 'https://www.oncokb.org/gene/KMT2C/p.S807Lfs*47/PAAD', 'Type': 'Frame Shift Del', 'VAF (%)': 44, 't_alt_count': 55, 't_depth': 124}, {'Chromosome': '12q13.12', 'Copy State': 'Neutral', 'Gene': 'KMT2D', 'Gene_URL': 'https://www.oncokb.org/gene/KMT2D', 'OncoKB': 'Likely Oncogenic', 'Protein': 'p.E757Ifs*5', 'Protein_URL': 'https://www.oncokb.org/gene/KMT2D/p.E757Ifs*5/PAAD', 'Type': 'Frame Shift Del', 'VAF (%)': 35, 't_alt_count': 43, 't_depth': 122}, {'Chromosome': '17p13.1', 'Copy State': 'Shallow Deletion', 'Gene': 'TP53', 'Gene_URL': 'https://www.oncokb.org/gene/TP53', 'OncoKB': 'Likely Oncogenic', 'Protein': 'p.E198*', 'Protein_URL': 'https://www.oncokb.org/gene/TP53/p.E198*/PAAD', 'Type': 'Nonsense Mutation', 'VAF (%)': 75, 't_alt_count': 59, 't_depth': 79}]",79
100-009-008_LCM2-v1,PASS-01,"[{'Chromosome': '12p12.1', 'Copy State': 'Neutral', 'Gene': 'KRAS', 'Gene_URL': 'https://www.oncokb.org/gene/KRAS', 'OncoKB': 'Level 4', 'Protein': 'p.G13D', 'Protein_URL': 'https://www.oncokb.org/gene/KRAS/p.G13D/PAAD', 'Type': 'Missense Mutation', 'VAF (%)': 39, 't_alt_count': 44, 't_depth': 112}, {'Chromosome': '17p13.1', 'Copy State': 'Shallow Deletion', 'Gene': 'TP53', 'Gene_URL': 'https://www.oncokb.org/gene/TP53', 'OncoKB': 'Likely Oncogenic', 'Protein': 'p.Y126N', 'Protein_URL': 'https://www.oncokb.org/gene/TP53/p.Y126N/PAAD', 'Type': 'Missense Mutation', 'VAF (%)': 69, 't_alt_count': 60, 't_depth': 87}]",42
100-009-01_876211_FzTB_4_FzTS_2_LCM_1-v1,PASS01,[],39
100-BCCA-003_LCM3-v1,PASS-01,"[{'Chromosome': '12p12.1', 'Copy State': 'Gain', 'Gene': 'KRAS', 'Gene_URL': 'https://www.oncokb.org/gene/KRAS', 'OncoKB': 'Level 4', 'Protein': 'p.G12D', 'Protein_URL': 'https://www.oncokb.org/gene/KRAS/p.G12D/PAAD', 'Type': 'Missense Mutation', 'VAF (%)': 40, 't_alt_count': 40, 't_depth': 99}, {'Chromosome': '17p13.1', 'Copy State': 'Shallow Deletion', 'Gene': 'TP53', 'Gene_URL': 'https://www.oncokb.org/gene/TP53', 'OncoKB': 'Likely Oncogenic', 'Protein': 'p.T55*', 'Protein_URL': 'https://www.oncokb.org/gene/TP53/p.T55*/PAAD', 'Type': 'Frame Shift Del', 'VAF (%)': 72, 't_alt_count': 58, 't_depth': 80}]",94
100-JHU-001_LCM4and6-v1,PASS-01,"[{'Chromosome': '16p12.2', 'Copy State': 'Neutral', 'Gene': 'PALB2', 'Gene_URL': 'https://www.oncokb.org/gene/PALB2', 'OncoKB': 'Level 2', 'Protein': 'p.N442Kfs*2', 'Protein_URL': 'https://www.oncokb.org/gene/PALB2/p.N442Kfs*2/PAAD', 'Type': 'Frame Shift Ins', 'VAF (%)': 26, 't_alt_count': 28, 't_depth': 109}, {'Chromosome': '12p12.1', 'Copy State': 'Neutral', 'Gene': 'KRAS', 'Gene_URL': 'https://www.oncokb.org/gene/KRAS', 'OncoKB': 'Level 4', 'Protein': 'p.G12R', 'Protein_URL': 'https://www.oncokb.org/gene/KRAS/p.G12R/PAAD', 'Type': 'Missense Mutation', 'VAF (%)': 35, 't_alt_count': 39, 't_depth': 113}, {'Chromosome': 'Xp11.4', 'Copy State': 'Neutral', 'Gene': 'DDX3X', 'Gene_URL': 'https://www.oncokb.org/gene/DDX3X', 'OncoKB': 'Likely Oncogenic', 'Protein': 'p.L353W', 'Protein_URL': 'https://www.oncokb.org/gene/DDX3X/p.L353W/PAAD', 'Type': 'Missense Mutation', 'VAF (%)': 20, 't_alt_count': 29, 't_depth': 143}]",121
100-JHU-003_LCM3-v1,PASS-01,"[{'Chromosome': '12p12.1', 'Copy State': 'Gain', 'Gene': 'KRAS', 'Gene_URL': 'https://www.oncokb.org/gene/KRAS', 'OncoKB': 'Level 4', 'Protein': 'p.G12R', 'Protein_URL': 'https://www.oncokb.org/gene/KRAS/p.G12R/PAAD', 'Type': 'Missense Mutation', 'VAF (%)': 52, 't_alt_count': 49, 't_depth': 94}, {'Chromosome': '17p13.1', 'Copy State': 'Shallow Deletion', 'Gene': 'TP53', 'Gene_URL': 'https://www.oncokb.org/gene/TP53', 'OncoKB': 'Likely Oncogenic', 'Protein': 'p.X33_splice', 'Protein_URL': 'https://www.oncokb.org/gene/TP53/p.X33_splice/PAAD', 'Type': 'Splice Site', 'VAF (%)': 95, 't_alt_count': 40, 't_depth': 42}]",60
100-MSK-005_LCM3-v1,PASS-01,"[{'Chromosome': '12p12.1', 'Copy State': 'Amplification', 'Gene': 'KRAS', 'Gene_URL': 'https://www.oncokb.org/gene/KRAS', 'OncoKB': 'Level 4', 'Protein': 'p.G12R', 'Protein_URL': 'https://www.oncokb.org/gene/KRAS/p.G12R/PAAD', 'Type': 'Missense Mutation', 'VAF (%)': 56, 't_alt_count': 140, 't_depth': 248}, {'Chromosome': '17p13.1', 'Copy State': 'Shallow Deletion', 'Gene': 'TP53', 'Gene_URL': 'https://www.oncokb.org/gene/TP53', 'OncoKB': 'Likely Oncogenic', 'Protein': 'p.Y234H', 'Protein_URL': 'https://www.oncokb.org/gene/TP53/p.Y234H/PAAD', 'Type': 'Missense Mutation', 'VAF (%)': 47, 't_alt_count': 42, 't_depth': 89}]",29
100-MSK-009_LCM4-v1,PASS-01,"[{'Chromosome': '12p12.1', 'Copy State': 'Neutral', 'Gene': 'KRAS', 'Gene_URL': 'https://www.oncokb.org/gene/KRAS', 'OncoKB': 'Level 4', 'Protein': 'p.G12V', 'Protein_URL': 'https://www.oncokb.org/gene/KRAS/p.G12V/PAAD', 'Type': 'Missense Mutation', 'VAF (%)': 88, 't_alt_count': 108, 't_depth': 123}, {'Chromosome': '17p13.1', 'Copy State': 'Neutral', 'Gene': 'TP53', 'Gene_URL': 'https://www.oncokb.org/gene/TP53', 'OncoKB': 'Likely Oncogenic', 'Protein': 'p.C242Afs*5', 'Protein_URL': 'https://www.oncokb.org/gene/TP53/p.C242Afs*5/PAAD', 'Type': 'Frame Shift Del', 'VAF (%)': 81, 't_alt_count': 96, 't_depth': 118}, {'Chromosome': 'Xp22.12', 'Copy State': 'Neutral', 'Gene': 'EIF1AX', 'Gene_URL': 'https://www.oncokb.org/gene/EIF1AX', 'OncoKB': 'Likely Oncogenic', 'Protein': 'p.G8V', 'Protein_URL': 'https://www.oncokb.org/gene/EIF1AX/p.G8V/PAAD', 'Type': 'Missense Mutation', 'VAF (%)': 19, 't_alt_count': 20, 't_depth': 106}]",35
100-MSK-012_LCM2-v1,PASS-01,"[{'Chromosome': '12p12.1', 'Copy State': 'Neutral', 'Gene': 'KRAS', 'Gene_URL': 'https://www.oncokb.org/gene/KRAS', 'OncoKB': 'Level 4', 'Protein': 'p.G12V', 'Protein_URL': 'https://www.oncokb.org/gene/KRAS/p.G12V/PAAD', 'Type': 'Missense Mutation', 'VAF (%)': 78, 't_alt_count': 68, 't_depth': 87}, {'Chromosome': '17p13.1', 'Copy State': 'Neutral', 'Gene': 'TP53', 'Gene_URL': 'https://www.oncokb.org/gene/TP53', 'OncoKB': 'Likely Oncogenic', 'Protein': 'p.A161D', 'Protein_URL': 'https://www.oncokb.org/gene/TP53/p.A161D/PAAD', 'Type': 'Missense Mutation', 'VAF (%)': 81, 't_alt_count': 92, 't_depth': 113}, {'Chromosome': '18q21.2', 'Copy State': 'Shallow Deletion', 'Gene': 'SMAD4', 'Gene_URL': 'https://www.oncokb.org/gene/SMAD4', 'OncoKB': 'Likely Oncogenic', 'Protein': 'p.P356L', 'Protein_URL': 'https://www.oncokb.org/gene/SMAD4/p.P356L/PAAD', 'Type': 'Missense Mutation', 'VAF (%)': 76, 't_alt_count': 41, 't_depth': 54}]",71
100-MSK-013_LCM4-v1,PASS-01,"[{'Chromosome': '12p12.1', 'Copy State': 'Neutral', 'Gene': 'KRAS', 'Gene_URL': 'https://www.oncokb.org/gene/KRAS', 'OncoKB': 'Level 4', 'Protein': 'p.G12V', 'Protein_URL': 'https://www.oncokb.org/gene/KRAS/p.G12V/PAAD', 'Type': 'Missense Mutation', 'VAF (%)': 36, 't_alt_count': 38, 't_depth': 106}, {'Chromosome': '18q21.2', 'Copy State': 'Shallow Deletion', 'Gene': 'SMAD4', 'Gene_URL': 'https://www.oncokb.org/gene/SMAD4', 'OncoKB': 'Likely Oncogenic', 'Protein': 'p.T349Nfs*3', 'Protein_URL': 'https://www.oncokb.org/gene/SMAD4/p.T349Nfs*3/PAAD', 'Type': 'Frame Shift Ins', 'VAF (%)': 63, 't_alt_count': 54, 't_depth': 86}]",48
100-NH-001_LCM3_DNA-v1,PASS-01,"[{'Chromosome': '12p12.1', 'Copy State': 'Amplification', 'Gene': 'KRAS', 'Gene_URL': 'https://www.oncokb.org/gene/KRAS', 'OncoKB': 'Level 4', 'Protein': 'p.G12V', 'Protein_URL': 'https://www.oncokb.org/gene/KRAS/p.G12V/PAAD', 'Type': 'Missense Mutation', 'VAF (%)': 54, 't_alt_count': 127, 't_depth': 234}, {'Chromosome': '17p13.1', 'Copy State': 'Shallow Deletion', 'Gene': 'TP53', 'Gene_URL': 'https://www.oncokb.org/gene/TP53', 'OncoKB': 'Likely Oncogenic', 'Protein': 'p.M237I', 'Protein_URL': 'https://www.oncokb.org/gene/TP53/p.M237I/PAAD', 'Type': 'Missense Mutation', 'VAF (%)': 61, 't_alt_count': 51, 't_depth': 84}]",51
100-NH-006_LCM3-v2,PASS-01,"[{'Chromosome': '12p12.1', 'Copy State': 'Neutral', 'Gene': 'KRAS', 'Gene_URL': 'https://www.oncokb.org/gene/KRAS', 'OncoKB': 'Level 4', 'Protein': 'p.G12R', 'Protein_URL': 'https://www.oncokb.org/gene/KRAS/p.G12R/PAAD', 'Type': 'Missense Mutation', 'VAF (%)': 53, 't_alt_count': 55, 't_depth': 104}, {'Chromosome': '17p13.1', 'Copy State': 'Shallow Deletion', 'Gene': 'TP53', 'Gene_URL': 'https://www.oncokb.org/gene/TP53', 'OncoKB': 'Likely Oncogenic', 'Protein': 'p.R248W', 'Protein_URL': 'https://www.oncokb.org/gene/TP53/p.R248W/PAAD', 'Type': 'Missense Mutation', 'VAF (%)': 91, 't_alt_count': 63, 't_depth': 69}]",30
100-NH-008_LCM3-v1,PASS-01,"[{'Chromosome': '12p12.1', 'Copy State': 'Gain', 'Gene': 'KRAS', 'Gene_URL': 'https://www.oncokb.org/gene/KRAS', 'OncoKB': 'Level 4', 'Protein': 'p.G12D', 'Protein_URL': 'https://www.oncokb.org/gene/KRAS/p.G12D/PAAD', 'Type': 'Missense Mutation', 'VAF (%)': 35, 't_alt_count': 49, 't_depth': 140}, {'Chromosome': '17p13.1', 'Copy State': 'Shallow Deletion', 'Gene': 'TP53', 'Gene_URL': 'https://www.oncokb.org/gene/TP53', 'OncoKB': 'Likely Oncogenic', 'Protein': 'p.Y126Hfs*24', 'Protein_URL': 'https://www.oncokb.org/gene/TP53/p.Y126Hfs*24/PAAD', 'Type': 'Frame Shift Ins', 'VAF (%)': 45, 't_alt_count': 50, 't_depth': 111}]",28
100-NH-009_LCM4_6-v1,PASS-01,"[{'Chromosome': '9p21.3', 'Copy State': 'Shallow Deletion', 'Gene': 'CDKN2A', 'Gene_URL': 'https://www.oncokb.org/gene/CDKN2A', 'OncoKB': 'Level 4', 'Protein': 'p.H83Y', 'Protein_URL': 'https://www.oncokb.org/gene/CDKN2A/p.H83Y/PAAD', 'Type': 'Missense Mutation', 'VAF (%)': 92, 't_alt_count': 121, 't_depth': 132}, {'Chromosome': '12p12.1', 'Copy State': 'Gain', 'Gene': 'KRAS', 'Gene_URL': 'https://www.oncokb.org/gene/KRAS', 'OncoKB': 'Level 4', 'Protein': 'p.G12V', 'Protein_URL': 'https://www.oncokb.org/gene/KRAS/p.G12V/PAAD', 'Type': 'Missense Mutation', 'VAF (%)': 44, 't_alt_count': 79, 't_depth': 178}, {'Chromosome': '17q11.2', 'Copy State': 'Neutral', 'Gene': 'NF1', 'Gene_URL': 'https://www.oncokb.org/gene/NF1', 'OncoKB': 'Level 4', 'Protein': 'p.S1591Pfs*25', 'Protein_URL': 'https://www.oncokb.org/gene/NF1/p.S1591Pfs*25/PAAD', 'Type': 'Frame Shift Del', 'VAF (%)': 98, 't_alt_count': 108, 't_depth': 110}, {'Chromosome': '17p13.1', 'Copy State': 'Neutral', 'Gene': 'TP53', 'Gene_URL': 'https://www.oncokb.org/gene/TP53', 'OncoKB': 'Likely Oncogenic', 'Protein': 'p.F270C', 'Protein_URL': 'https://www.oncokb.org/gene/TP53/p.F270C/PAAD', 'Type': 'Missense Mutation', 'VAF (%)': 99, 't_alt_count': 147, 't_depth': 149}, {'Chromosome': '17q11.2', 'Copy State': 'Neutral', 'Gene': 'SUZ12', 'Gene_URL': 'https://www.oncokb.org/gene/SUZ12', 'OncoKB': 'Likely Oncogenic', 'Protein': 'p.A677Sfs*7', 'Protein_URL': 'https://www.oncokb.org/gene/SUZ12/p.A677Sfs*7/PAAD', 'Type': 'Frame Shift Ins', 'VAF (%)': 97, 't_alt_count': 127, 't_depth': 131}]",75
100-NH-010_LCM4-v1,PASS-01,"[{'Chromosome': '12p12.1', 'Copy State': 'Gain', 'Gene': 'KRAS', 'Gene_URL': 'https://www.oncokb.org/gene/KRAS', 'OncoKB': 'Level 4', 'Protein': 'p.G12D', 'Protein_URL': 'https://www.oncokb.org/gene/KRAS/p.G12D/PAAD', 'Type': 'Missense Mutation', 'VAF (%)': 28, 't_alt_count': 35, 't_depth': 119}, {'Chromosome': '17p13.1', 'Copy State': 'Shallow Deletion', 'Gene': 'TP53', 'Gene_URL': 'https://www.oncokb.org/gene/TP53', 'OncoKB': 'Oncogenic', 'Protein': 'p.R175H', 'Protein_URL': 'https://www.oncokb.org/gene/TP53/p.R175H/PAAD', 'Type': 'Missense Mutation', 'VAF (%)': 24, 't_alt_count': 40, 't_depth': 169}, {'Chromosome': '3p11.1', 'Copy State': 'Neutral', 'Gene': 'EPHA3', 'Gene_URL': 'https://www.oncokb.org/gene/EPHA3', 'OncoKB': 'Likely Oncogenic', 'Protein': 'p.R136*', 'Protein_URL': 'https://www.oncokb.org/gene/EPHA3/p.R136*/PAAD', 'Type': 'Nonsense Mutation', 'VAF (%)': 24, 't_alt_count': 24, 't_depth': 100}]",21
100-NH-012_LCM3_4-v1,PASS01,"[{'Chromosome': '9p21.3', 'Copy State': 'Shallow Deletion', 'Gene': 'CDKN2A', 'Gene_URL': 'https://www.oncokb.org/gene/CDKN2A', 'OncoKB': 'Level 4', 'Protein': 'p.Y44Lfs*76', 'Protein_URL': 'https://www.oncokb.org/gene/CDKN2A/p.Y44Lfs*76/PAAD', 'Type': 'Frame Shift Ins', 'VAF (%)': 63, 't_alt_count': 71, 't_depth': 113}, {'Chromosome': '12p12.1', 'Copy State': 'Gain', 'Gene': 'KRAS', 'Gene_URL': 'https://www.oncokb.org/gene/KRAS', 'OncoKB': 'Level 4', 'Protein': 'p.G12V', 'Protein_URL': 'https://www.oncokb.org/gene/KRAS/p.G12V/PAAD', 'Type': 'Missense Mutation', 'VAF (%)': 47, 't_alt_count': 55, 't_depth': 116}, {'Chromosome': '7q36.1', 'Copy State': 'Neutral', 'Gene': 'KMT2C', 'Gene_URL': 'https://www.oncokb.org/gene/KMT2C', 'OncoKB': 'Likely Oncogenic', 'Protein': 'p.H290Afs*10', 'Protein_URL': 'https://www.oncokb.org/gene/KMT2C/p.H290Afs*10/PAAD', 'Type': 'Frame Shift Ins', 'VAF (%)': 46, 't_alt_count': 44, 't_depth': 96}, {'Chromosome': '17p13.1', 'Copy State': 'Shallow Deletion', 'Gene': 'TP53', 'Gene_URL': 'https://www.oncokb.org/gene/TP53', 'OncoKB': 'Likely Oncogenic', 'Protein': 'p.R335Afs*2', 'Protein_URL': 'https://www.oncokb.org/gene/TP53/p.R335Afs*2/PAAD', 'Type': 'Frame Shift Ins', 'VAF (%)': 75, 't_alt_count': 63, 't_depth': 84}]",56
100-NH-017_LCM4_6-v1,PASS-01,"[{'Chromosome': '9p21.3', 'Copy State': 'Shallow Deletion', 'Gene': 'CDKN2A', 'Gene_URL': 'https://www.oncokb.org/gene/CDKN2A', 'OncoKB': 'Level 4', 'Protein': 'p.L16Pfs*9', 'Protein_URL': 'https://www.oncokb.org/gene/CDKN2A/p.L16Pfs*9/PAAD', 'Type': 'Frame Shift Del', 'VAF (%)': 84, 't_alt_count': 109, 't_depth': 129}, {'Chromosome': '12p12.1', 'Copy State': 'Amplification', 'Gene': 'KRAS', 'Gene_URL': 'https://www.oncokb.org/gene/KRAS', 'OncoKB': 'Level 4', 'Protein': 'p.G12D', 'Protein_URL': 'https://www.oncokb.org/gene/KRAS/p.G12D/PAAD', 'Type': 'Missense Mutation', 'VAF (%)': 63, 't_alt_count': 125, 't_depth': 197}, {'Chromosome': '17p13.1', 'Copy State': 'Neutral', 'Gene': 'TP53', 'Gene_URL': 'https://www.oncokb.org/gene/TP53', 'OncoKB': 'Oncogenic', 'Protein': 'p.R273H', 'Protein_URL': 'https://www.oncokb.org/gene/TP53/p.R273H/PAAD', 'Type': 'Missense Mutation', 'VAF (%)': 88, 't_alt_count': 150, 't_depth': 171}]",41
100-NH-018_LCM3_6-v1,PASS-01,"[{'Chromosome': '12p12.1', 'Copy State': 'Neutral', 'Gene': 'KRAS', 'Gene_URL': 'https://www.oncokb.org/gene/KRAS', 'OncoKB': 'Level 4', 'Protein': 'p.Q61H', 'Protein_URL': 'https://www.oncokb.org/gene/KRAS/p.Q61H/PAAD', 'Type': 'Missense Mutation', 'VAF (%)': 48, 't_alt_count': 63, 't_depth': 130}, {'Chromosome': '17p13.1', 'Copy State': 'Shallow Deletion', 'Gene': 'TP53', 'Gene_URL': 'https://www.oncokb.org/gene/TP53', 'OncoKB': 'Likely Oncogenic', 'Protein': 'p.R248Q', 'Protein_URL': 'https://www.oncokb.org/gene/TP53/p.R248Q/PAAD', 'Type': 'Missense Mutation', 'VAF (%)': 41, 't_alt_count': 44, 't_depth': 108}, {'Chromosome': '19q13.2', 'Copy State': 'Neutral', 'Gene': 'CIC', 'Gene_URL': 'https://www.oncokb.org/gene/CIC', 'OncoKB': 'Likely Oncogenic', 'Protein': 'p.X1165_splice', 'Protein_URL': 'https://www.oncokb.org/gene/CIC/p.X1165_splice/PAAD', 'Type': 'Splice Site', 'VAF (%)': 39, 't_alt_count': 54, 't_depth': 138}, {'Chromosome': '19q13.2', 'Copy State': 'Neutral', 'Gene': 'CIC', 'Gene_URL': 'https://www.oncokb.org/gene/CIC', 'OncoKB': 'Likely Oncogenic', 'Protein': 'p.E1167Gfs*57', 'Protein_URL': 'https://www.oncokb.org/gene/CIC/p.E1167Gfs*57/PAAD', 'Type': 'Frame Shift Ins', 'VAF (%)': 20, 't_alt_count': 27, 't_depth': 138}]",28
100-PM-010_LCM2and5-v1,PASS-01,"[{'Chromosome': '9p21.3', 'Copy State': 'Neutral', 'Gene': 'CDKN2A', 'Gene_URL': 'https://www.oncokb.org/gene/CDKN2A', 'OncoKB': 'Level 4', 'Protein': 'p.X51_splice', 'Protein_URL': 'https://www.oncokb.org/gene/CDKN2A/p.X51_splice/PAAD', 'Type': 'Splice Site', 'VAF (%)': 94, 't_alt_count': 141, 't_depth': 150}, {'Chromosome': '12p12.1', 'Copy State': 'Neutral', 'Gene': 'KRAS', 'Gene_URL': 'https://www.oncokb.org/gene/KRAS', 'OncoKB': 'Level 4', 'Protein': 'p.Q61R', 'Protein_URL': 'https://www.oncokb.org/gene/KRAS/p.Q61R/PAAD', 'Type': 'Missense Mutation', 'VAF (%)': 57, 't_alt_count': 53, 't_depth': 92}, {'Chromosome': '6q25.1', 'Copy State': 'Neutral', 'Gene': 'LATS1', 'Gene_URL': 'https://www.oncokb.org/gene/LATS1', 'OncoKB': 'Likely Oncogenic', 'Protein': 'p.L844*', 'Protein_URL': 'https://www.oncokb.org/gene/LATS1/p.L844*/PAAD', 'Type': 'Nonsense Mutation', 'VAF (%)': 52, 't_alt_count': 54, 't_depth': 103}, {'Chromosome': '19p13.3', 'Copy State': 'Shallow Deletion', 'Gene': 'STK11', 'Gene_URL': 'https://www.oncokb.org/gene/STK11', 'OncoKB': 'Likely Oncogenic', 'Protein': 'p.Y60*', 'Protein_URL': 'https://www.oncokb.org/gene/STK11/p.Y60*/PAAD', 'Type': 'Nonsense Mutation', 'VAF (%)': 87, 't_alt_count': 55, 't_depth': 63}]",57
100-PM-011_LCM1-v2,PASS-01,"[{'Chromosome': '1p36.11', 'Copy State': 'Shallow Deletion', 'Gene': 'ARID1A', 'Gene_URL': 'https://www.oncokb.org/gene/ARID1A', 'OncoKB': 'Level 4', 'Protein': 'p.M362*', 'Protein_URL': 'https://www.oncokb.org/gene/ARID1A/p.M362*/PAAD', 'Type': 'Frame Shift Del', 'VAF (%)': 24, 't_alt_count': 43, 't_depth': 176}, {'Chromosome': '12p12.1', 'Copy State': 'Gain', 'Gene': 'KRAS', 'Gene_URL': 'https://www.oncokb.org/gene/KRAS', 'OncoKB': 'Level 4', 'Protein': 'p.G12D', 'Protein_URL': 'https://www.oncokb.org/gene/KRAS/p.G12D/PAAD', 'Type': 'Missense Mutation', 'VAF (%)': 61, 't_alt_count': 99, 't_depth': 163}, {'Chromosome': '17p13.1', 'Copy State': 'Shallow Deletion', 'Gene': 'TP53', 'Gene_URL': 'https://www.oncokb.org/gene/TP53', 'OncoKB': 'Likely Oncogenic', 'Protein': 'p.R273C', 'Protein_URL': 'https://www.oncokb.org/gene/TP53/p.R273C/PAAD', 'Type': 'Missense Mutation', 'VAF (%)': 54, 't_alt_count': 63, 't_depth': 116}]",48
100-PM-013_LCM5-v1,PASS-01,"[{'Chromosome': '12p12.1', 'Copy State': 'Amplification', 'Gene': 'KRAS', 'Gene_URL': 'https://www.oncokb.org/gene/KRAS', 'OncoKB': 'Level 4', 'Protein': 'p.G12S', 'Protein_URL': 'https://www.oncokb.org/gene/KRAS/p.G12S/PAAD', 'Type': 'Missense Mutation', 'VAF (%)': 46, 't_alt_count': 98, 't_depth': 211}, {'Chromosome': '5p15.33', 'Copy State': 'Gain', 'Gene': 'TERT', 'Gene_URL': 'https://www.oncokb.org/gene/TERT', 'OncoKB': 'Oncogenic', 'Protein': '', 'Protein_URL': 'https://www.oncokb.org/gene/TERT//PAAD', 'Type': ""5'Flank"", 'VAF (%)': 41, 't_alt_count': 56, 't_depth': 137}, {'Chromosome': '17p13.1', 'Copy State': 'Shallow Deletion', 'Gene': 'TP53', 'Gene_URL': 'https://www.oncokb.org/gene/TP53', 'OncoKB': 'Oncogenic', 'Protein': 'p.R273H', 'Protein_URL': 'https://www.oncokb.org/gene/TP53/p.R273H/PAAD', 'Type': 'Missense Mutation', 'VAF (%)': 55, 't_alt_count': 70, 't_depth': 127}]",79
100-PM-017_LCM5-v1,PASS-01,"[{'Chromosome': '12p12.1', 'Copy State': 'Neutral', 'Gene': 'KRAS', 'Gene_URL': 'https://www.oncokb.org/gene/KRAS', 'OncoKB': 'Level 4', 'Protein': 'p.G12V', 'Protein_URL': 'https://www.oncokb.org/gene/KRAS/p.G12V/PAAD', 'Type': 'Missense Mutation', 'VAF (%)': 88, 't_alt_count': 63, 't_depth': 72}, {'Chromosome': '17p13.1', 'Copy State': 'Shallow Deletion', 'Gene': 'TP53', 'Gene_URL': 'https://www.oncokb.org/gene/TP53', 'OncoKB': 'Likely Oncogenic', 'Protein': 'p.G154Afs*16', 'Protein_URL': 'https://www.oncokb.org/gene/TP53/p.G154Afs*16/PAAD', 'Type': 'Frame Shift Del', 'VAF (%)': 69, 't_alt_count': 38, 't_depth': 55}, {'Chromosome': '17p13.1', 'Copy State': 'Shallow Deletion', 'Gene': 'TP53', 'Gene_URL': 'https://www.oncokb.org/gene/TP53', 'OncoKB': 'Likely Oncogenic', 'Protein': 'p.P152L', 'Protein_URL': 'https://www.oncokb.org/gene/TP53/p.P152L/PAAD', 'Type': 'Missense Mutation', 'VAF (%)': 69, 't_alt_count': 38, 't_depth': 55}]",52
100-PM-018_LCM4-v1,PASS-01,"[{'Chromosome': '12p12.1', 'Copy State': 'Neutral', 'Gene': 'KRAS', 'Gene_URL': 'https://www.oncokb.org/gene/KRAS', 'OncoKB': 'Level 4', 'Protein': 'p.G12V', 'Protein_URL': 'https://www.oncokb.org/gene/KRAS/p.G12V/PAAD', 'Type': 'Missense Mutation', 'VAF (%)': 44, 't_alt_count': 51, 't_depth': 115}, {'Chromosome': '17p13.1', 'Copy State': 'Shallow Deletion', 'Gene': 'TP53', 'Gene_URL': 'https://www.oncokb.org/gene/TP53', 'OncoKB': 'Likely Oncogenic', 'Protein': '', 'Protein_URL': 'https://www.oncokb.org/gene/TP53//PAAD', 'Type': 'Splice Region', 'VAF (%)': 62, 't_alt_count': 45, 't_depth': 72}, {'Chromosome': '18q21.2', 'Copy State': 'Shallow Deletion', 'Gene': 'SMAD4', 'Gene_URL': 'https://www.oncokb.org/gene/SMAD4', 'OncoKB': 'Likely Oncogenic', 'Protein': 'p.A451Lfs*17', 'Protein_URL': 'https://www.oncokb.org/gene/SMAD4/p.A451Lfs*17/PAAD', 'Type': 'Frame Shift Del', 'VAF (%)': 54, 't_alt_count': 25, 't_depth': 46}]",27
100-PM-019_LCM3-v1,PASS-01,"[{'Chromosome': '9p21.3', 'Copy State': 'Shallow Deletion', 'Gene': 'CDKN2A', 'Gene_URL': 'https://www.oncokb.org/gene/CDKN2A', 'OncoKB': 'Level 4', 'Protein': 'p.R58*', 'Protein_URL': 'https://www.oncokb.org/gene/CDKN2A/p.R58*/PAAD', 'Type': 'Nonsense Mutation', 'VAF (%)': 70, 't_alt_count': 62, 't_depth': 89}, {'Chromosome': '12p12.1', 'Copy State': 'Neutral', 'Gene': 'KRAS', 'Gene_URL': 'https://www.oncokb.org/gene/KRAS', 'OncoKB': 'Level 4', 'Protein': 'p.G12V', 'Protein_URL': 'https://www.oncokb.org/gene/KRAS/p.G12V/PAAD', 'Type': 'Missense Mutation', 'VAF (%)': 37, 't_alt_count': 36, 't_depth': 97}, {'Chromosome': '17p13.1', 'Copy State': 'Neutral', 'Gene': 'TP53', 'Gene_URL': 'https://www.oncokb.org/gene/TP53', 'OncoKB': 'Likely Oncogenic', 'Protein': 'p.R282W', 'Protein_URL': 'https://www.oncokb.org/gene/TP53/p.R282W/PAAD', 'Type': 'Missense Mutation', 'VAF (%)': 86, 't_alt_count': 119, 't_depth': 138}, {'Chromosome': '18q21.2', 'Copy State': 'Shallow Deletion', 'Gene': 'SMAD4', 'Gene_URL': 'https://www.oncokb.org/gene/SMAD4', 'OncoKB': 'Likely Oncogenic', 'Protein': 'p.A118V', 'Protein_URL': 'https://www.oncokb.org/gene/SMAD4/p.A118V/PAAD', 'Type': 'Missense Mutation', 'VAF (%)': 67, 't_alt_count': 41, 't_depth': 61}]",51
100-PM-021_LCM4-v1,PASS-01,"[{'Chromosome': '12p12.1', 'Copy State': 'Gain', 'Gene': 'KRAS', 'Gene_URL': 'https://www.oncokb.org/gene/KRAS', 'OncoKB': 'Level 4', 'Protein': 'p.G12V', 'Protein_URL': 'https://www.oncokb.org/gene/KRAS/p.G12V/PAAD', 'Type': 'Missense Mutation', 'VAF (%)': 50, 't_alt_count': 52, 't_depth': 105}, {'Chromosome': '17p13.1', 'Copy State': 'Shallow Deletion', 'Gene': 'TP53', 'Gene_URL': 'https://www.oncokb.org/gene/TP53', 'OncoKB': 'Likely Oncogenic', 'Protein': 'p.E204Dfs*5', 'Protein_URL': 'https://www.oncokb.org/gene/TP53/p.E204Dfs*5/PAAD', 'Type': 'Frame Shift Ins', 'VAF (%)': 76, 't_alt_count': 67, 't_depth': 88}]",44
100-PM-022_LCM2-v2,PASS-01,"[{'Chromosome': '12p12.1', 'Copy State': 'Neutral', 'Gene': 'KRAS', 'Gene_URL': 'https://www.oncokb.org/gene/KRAS', 'OncoKB': 'Level 4', 'Protein': 'p.G12D', 'Protein_URL': 'https://www.oncokb.org/gene/KRAS/p.G12D/PAAD', 'Type': 'Missense Mutation', 'VAF (%)': 38, 't_alt_count': 37, 't_depth': 97}, {'Chromosome': '17p13.1', 'Copy State': 'Shallow Deletion', 'Gene': 'TP53', 'Gene_URL': 'https://www.oncokb.org/gene/TP53', 'OncoKB': 'Likely Oncogenic', 'Protein': 'p.K164E', 'Protein_URL': 'https://www.oncokb.org/gene/TP53/p.K164E/PAAD', 'Type': 'Missense Mutation', 'VAF (%)': 48, 't_alt_count': 43, 't_depth': 89}]",44
100-PM-023_1_5-v2,PASS-01,"[{'Chromosome': '1p36.11', 'Copy State': 'Neutral', 'Gene': 'ARID1A', 'Gene_URL': 'https://www.oncokb.org/gene/ARID1A', 'OncoKB': 'Level 4', 'Protein': 'p.I1485Nfs*20', 'Protein_URL': 'https://www.oncokb.org/gene/ARID1A/p.I1485Nfs*20/PAAD', 'Type': 'Frame Shift Del', 'VAF (%)': 76, 't_alt_count': 95, 't_depth': 125}, {'Chromosome': '12p12.1', 'Copy State': 'Amplification', 'Gene': 'KRAS', 'Gene_URL': 'https://www.oncokb.org/gene/KRAS', 'OncoKB': 'Level 4', 'Protein': 'p.G12D', 'Protein_URL': 'https://www.oncokb.org/gene/KRAS/p.G12D/PAAD', 'Type': 'Missense Mutation', 'VAF (%)': 56, 't_alt_count': 98, 't_depth': 176}, {'Chromosome': '17p13.1', 'Copy State': 'Shallow Deletion', 'Gene': 'TP53', 'Gene_URL': 'https://www.oncokb.org/gene/TP53', 'OncoKB': 'Likely Oncogenic', 'Protein': 'p.L265del', 'Protein_URL': 'https://www.oncokb.org/gene/TP53/p.L265del/PAAD', 'Type': 'In Frame Del', 'VAF (%)': 63, 't_alt_count': 54, 't_depth': 86}]",45
100-PM-025_LCM6_DNA-v1,PASS-01,"[{'Chromosome': '17q12', 'Copy State': 'Gain', 'Gene': 'ERBB2', 'Gene_URL': 'https://www.oncokb.org/gene/ERBB2', 'OncoKB': 'Level 3B', 'Protein': 'p.L755F', 'Protein_URL': 'https://www.oncokb.org/gene/ERBB2/p.L755F/PAAD', 'Type': 'Missense Mutation', 'VAF (%)': 19, 't_alt_count': 33, 't_depth': 172}, {'Chromosome': '12p12.1', 'Copy State': 'Gain', 'Gene': 'KRAS', 'Gene_URL': 'https://www.oncokb.org/gene/KRAS', 'OncoKB': 'Level 4', 'Protein': 'p.G12R', 'Protein_URL': 'https://www.oncokb.org/gene/KRAS/p.G12R/PAAD', 'Type': 'Missense Mutation', 'VAF (%)': 61, 't_alt_count': 95, 't_depth': 156}, {'Chromosome': '17p13.1', 'Copy State': 'Shallow Deletion', 'Gene': 'TP53', 'Gene_URL': 'https://www.oncokb.org/gene/TP53', 'OncoKB': 'Oncogenic', 'Protein': 'p.R273H', 'Protein_URL': 'https://www.oncokb.org/gene/TP53/p.R273H/PAAD', 'Type': 'Missense Mutation', 'VAF (%)': 96, 't_alt_count': 65, 't_depth': 68}, {'Chromosome': '17p12', 'Copy State': 'Shallow Deletion', 'Gene': 'MAP2K4', 'Gene_URL': 'https://www.oncokb.org/gene/MAP2K4', 'OncoKB': 'Likely Oncogenic', 'Protein': '', 'Protein_URL': 'https://www.oncokb.org/gene/MAP2K4//PAAD', 'Type': 'Splice Region', 'VAF (%)': 92, 't_alt_count': 65, 't_depth': 71}, {'Chromosome': '17p12', 'Copy State': 'Shallow Deletion', 'Gene': 'MAP2K4', 'Gene_URL': 'https://www.oncokb.org/gene/MAP2K4', 'OncoKB': 'Likely Oncogenic', 'Protein': 'p.X183_splice', 'Protein_URL': 'https://www.oncokb.org/gene/MAP2K4/p.X183_splice/PAAD', 'Type': 'Splice Site', 'VAF (%)': 92, 't_alt_count': 66, 't_depth': 72}]",38
100-PM-026_LCM6_DNA-v1,PASS-01,"[{'Chromosome': '9p21.3', 'Copy State': 'Shallow Deletion', 'Gene': 'CDKN2A', 'Gene_URL': 'https://www.oncokb.org/gene/CDKN2A', 'OncoKB': 'Level 4', 'Protein': 'p.H83Q', 'Protein_URL': 'https://www.oncokb.org/gene/CDKN2A/p.H83Q/PAAD', 'Type': 'Missense Mutation', 'VAF (%)': 39, 't_alt_count': 36, 't_depth': 93}, {'Chromosome': '12p12.1', 'Copy State': 'Amplification', 'Gene': 'KRAS', 'Gene_URL': 'https://www.oncokb.org/gene/KRAS', 'OncoKB': 'Level 4', 'Protein': 'p.G12V', 'Protein_URL': 'https://www.oncokb.org/gene/KRAS/p.G12V/PAAD', 'Type': 'Missense Mutation', 'VAF (%)': 50, 't_alt_count': 66, 't_depth': 133}, {'Chromosome': '17p13.1', 'Copy State': 'Shallow Deletion', 'Gene': 'TP53', 'Gene_URL': 'https://www.oncokb.org/gene/TP53', 'OncoKB': 'Likely Oncogenic', 'Protein': 'p.R273C', 'Protein_URL': 'https://www.oncokb.org/gene/TP53/p.R273C/PAAD', 'Type': 'Missense Mutation', 'VAF (%)': 55, 't_alt_count': 54, 't_depth': 98}, {'Chromosome': 'Xp11.3', 'Copy State': 'Neutral', 'Gene': 'KDM6A', 'Gene_URL': 'https://www.oncokb.org/gene/KDM6A', 'OncoKB': 'Likely Oncogenic', 'Protein': 'p.W1239Gfs*26', 'Protein_URL': 'https://www.oncokb.org/gene/KDM6A/p.W1239Gfs*26/PAAD', 'Type': 'Frame Shift Del', 'VAF (%)': 64, 't_alt_count': 45, 't_depth': 70}]",41
100-PM-027_LCM1_DNA-v1,PASS-01,"[{'Chromosome': '12p12.1', 'Copy State': 'Gain', 'Gene': 'KRAS', 'Gene_URL': 'https://www.oncokb.org/gene/KRAS', 'OncoKB': 'Level 4', 'Protein': 'p.Q61H', 'Protein_URL': 'https://www.oncokb.org/gene/KRAS/p.Q61H/PAAD', 'Type': 'Missense Mutation', 'VAF (%)': 39, 't_alt_count': 47, 't_depth': 122}, {'Chromosome': '17p13.1', 'Copy State': 'Shallow Deletion', 'Gene': 'TP53', 'Gene_URL': 'https://www.oncokb.org/gene/TP53', 'OncoKB': 'Likely Oncogenic', 'Protein': 'p.H193R', 'Protein_URL': 'https://www.oncokb.org/gene/TP53/p.H193R/PAAD', 'Type': 'Missense Mutation', 'VAF (%)': 63, 't_alt_count': 42, 't_depth': 67}]",37
100-PM-029_LCM6-v1,PASS-01,"[{'Chromosome': '9p21.3', 'Copy State': 'Shallow Deletion', 'Gene': 'CDKN2A', 'Gene_URL': 'https://www.oncokb.org/gene/CDKN2A', 'OncoKB': 'Level 4', 'Protein': 'p.R80*', 'Protein_URL': 'https://www.oncokb.org/gene/CDKN2A/p.R80*/PAAD', 'Type': 'Nonsense Mutation', 'VAF (%)': 64, 't_alt_count': 70, 't_depth': 109}, {'Chromosome': '12p12.1', 'Copy State': 'Neutral', 'Gene': 'KRAS', 'Gene_URL': 'https://www.oncokb.org/gene/KRAS', 'OncoKB': 'Level 4', 'Protein': 'p.G12V', 'Protein_URL': 'https://www.oncokb.org/gene/KRAS/p.G12V/PAAD', 'Type': 'Missense Mutation', 'VAF (%)': 78, 't_alt_count': 85, 't_depth': 109}, {'Chromosome': '7q36.1', 'Copy State': 'Shallow Deletion', 'Gene': 'KMT2C', 'Gene_URL': 'https://www.oncokb.org/gene/KMT2C', 'OncoKB': 'Likely Oncogenic', 'Protein': 'p.L224Tfs*4', 'Protein_URL': 'https://www.oncokb.org/gene/KMT2C/p.L224Tfs*4/PAAD', 'Type': 'Frame Shift Ins', 'VAF (%)': 64, 't_alt_count': 27, 't_depth': 42}, {'Chromosome': '15q15', 'Copy State': 'Neutral', 'Gene': 'MGA', 'Gene_URL': 'https://www.oncokb.org/gene/MGA', 'OncoKB': 'Likely Oncogenic', 'Protein': 'p.R866*', 'Protein_URL': 'https://www.oncokb.org/gene/MGA/p.R866*/PAAD', 'Type': 'Nonsense Mutation', 'VAF (%)': 38, 't_alt_count': 34, 't_depth': 89}, {'Chromosome': '17p13.1', 'Copy State': 'Shallow Deletion', 'Gene': 'TP53', 'Gene_URL': 'https://www.oncokb.org/gene/TP53', 'OncoKB': 'Likely Oncogenic', 'Protein': 'p.R337C', 'Protein_URL': 'https://www.oncokb.org/gene/TP53/p.R337C/PAAD', 'Type': 'Missense Mutation', 'VAF (%)': 70, 't_alt_count': 57, 't_depth': 81}]",47
100-PM-031_LCM3-v1,PASS-01,"[{'Chromosome': '9p21.3', 'Copy State': 'Shallow Deletion', 'Gene': 'CDKN2A', 'Gene_URL': 'https://www.oncokb.org/gene/CDKN2A', 'OncoKB': 'Level 4', 'Protein': 'p.Y44Lfs*76', 'Protein_URL': 'https://www.oncokb.org/gene/CDKN2A/p.Y44Lfs*76/PAAD', 'Type': 'Frame Shift Ins', 'VAF (%)': 84, 't_alt_count': 67, 't_depth': 80}, {'Chromosome': '12p12.1', 'Copy State': 'Amplification', 'Gene': 'KRAS', 'Gene_URL': 'https://www.oncokb.org/gene/KRAS', 'OncoKB': 'Level 4', 'Protein': 'p.G12R', 'Protein_URL': 'https://www.oncokb.org/gene/KRAS/p.G12R/PAAD', 'Type': 'Missense Mutation', 'VAF (%)': 48, 't_alt_count': 80, 't_depth': 168}, {'Chromosome': '17p13.1', 'Copy State': 'Shallow Deletion', 'Gene': 'TP53', 'Gene_URL': 'https://www.oncokb.org/gene/TP53', 'OncoKB': 'Likely Oncogenic', 'Protein': 'p.N239T', 'Protein_URL': 'https://www.oncokb.org/gene/TP53/p.N239T/PAAD', 'Type': 'Missense Mutation', 'VAF (%)': 81, 't_alt_count': 70, 't_depth': 86}]",89
100-PM-033_LCM4-v1,PASS-01,"[{'Chromosome': '13q13.1', 'Copy State': 'Shallow Deletion', 'Gene': 'BRCA2', 'Gene_URL': 'https://www.oncokb.org/gene/BRCA2', 'OncoKB': 'Level 2', 'Protein': 'p.X2540_splice', 'Protein_URL': 'https://www.oncokb.org/gene/BRCA2/p.X2540_splice/PAAD', 'Type': 'Splice Site', 'VAF (%)': 77, 't_alt_count': 79, 't_depth': 103}, {'Chromosome': '12p12.1', 'Copy State': 'Neutral', 'Gene': 'KRAS', 'Gene_URL': 'https://www.oncokb.org/gene/KRAS', 'OncoKB': 'Level 4', 'Protein': 'p.G12D', 'Protein_URL': 'https://www.oncokb.org/gene/KRAS/p.G12D/PAAD', 'Type': 'Missense Mutation', 'VAF (%)': 32, 't_alt_count': 29, 't_depth': 92}, {'Chromosome': '1q23.3', 'Copy State': 'Gain', 'Gene': 'SDHC', 'Gene_URL': 'https://www.oncokb.org/gene/SDHC', 'OncoKB': 'Likely Oncogenic', 'Protein': 'p.E97Afs*8', 'Protein_URL': 'https://www.oncokb.org/gene/SDHC/p.E97Afs*8/PAAD', 'Type': 'Frame Shift Del', 'VAF (%)': 25, 't_alt_count': 43, 't_depth': 172}, {'Chromosome': '7q36.1', 'Copy State': 'Shallow Deletion', 'Gene': 'KMT2C', 'Gene_URL': 'https://www.oncokb.org/gene/KMT2C', 'OncoKB': 'Likely Oncogenic', 'Protein': 'p.K2797Rfs*26', 'Protein_URL': 'https://www.oncokb.org/gene/KMT2C/p.K2797Rfs*26/PAAD', 'Type': 'Frame Shift Del', 'VAF (%)': 60, 't_alt_count': 32, 't_depth': 53}, {'Chromosome': 'Xp11.4', 'Copy State': 'Neutral', 'Gene': 'BCOR', 'Gene_URL': 'https://www.oncokb.org/gene/BCOR', 'OncoKB': 'Likely Oncogenic', 'Protein': 'p.E811*', 'Protein_URL': 'https://www.oncokb.org/gene/BCOR/p.E811*/PAAD', 'Type': 'Nonsense Mutation', 'VAF (%)': 78, 't_alt_count': 46, 't_depth': 59}, {'Chromosome': 'Xq26.1', 'Copy State': 'Neutral', 'Gene': 'BCORL1', 'Gene_URL': 'https://www.oncokb.org/gene/BCORL1', 'OncoKB': 'Likely Oncogenic', 'Protein': 'p.K1171Qfs*35', 'Protein_URL': 'https://www.oncokb.org/gene/BCORL1/p.K1171Qfs*35/PAAD', 'Type': 'Frame Shift Del', 'VAF (%)': 63, 't_alt_count': 40, 't_depth': 63}]",88
100-PM-035_LCM6-v1,PASS-01,"[{'Chromosome': '12p12.1', 'Copy State': 'Neutral', 'Gene': 'KRAS', 'Gene_URL': 'https://www.oncokb.org/gene/KRAS', 'OncoKB': 'Level 4', 'Protein': 'p.Q61H', 'Protein_URL': 'https://www.oncokb.org/gene/KRAS/p.Q61H/PAAD', 'Type': 'Missense Mutation', 'VAF (%)': 55, 't_alt_count': 61, 't_depth': 111}, {'Chromosome': '13q14.2', 'Copy State': 'Shallow Deletion', 'Gene': 'RB1', 'Gene_URL': 'https://www.oncokb.org/gene/RB1', 'OncoKB': 'Likely Oncogenic', 'Protein': 'p.E51Dfs*5', 'Protein_URL': 'https://www.oncokb.org/gene/RB1/p.E51Dfs*5/PAAD', 'Type': 'Frame Shift Del', 'VAF (%)': 78, 't_alt_count': 58, 't_depth': 74}, {'Chromosome': '17p13.1', 'Copy State': 'Shallow Deletion', 'Gene': 'TP53', 'Gene_URL': 'https://www.oncokb.org/gene/TP53', 'OncoKB': 'Likely Oncogenic', 'Protein': 'p.C135S', 'Protein_URL': 'https://www.oncokb.org/gene/TP53/p.C135S/PAAD', 'Type': 'Missense Mutation', 'VAF (%)': 69, 't_alt_count': 61, 't_depth': 89}]",35
100-PM-036_LCM3-v1,PASS-01,"[{'Chromosome': '12p12.1', 'Copy State': 'Gain', 'Gene': 'KRAS', 'Gene_URL': 'https://www.oncokb.org/gene/KRAS', 'OncoKB': 'Level 4', 'Protein': 'p.G12D', 'Protein_URL': 'https://www.oncokb.org/gene/KRAS/p.G12D/PAAD', 'Type': 'Missense Mutation', 'VAF (%)': 57, 't_alt_count': 103, 't_depth': 179}, {'Chromosome': '17p13.1', 'Copy State': 'Neutral', 'Gene': 'TP53', 'Gene_URL': 'https://www.oncokb.org/gene/TP53', 'OncoKB': 'Likely Oncogenic', 'Protein': 'p.E258*', 'Protein_URL': 'https://www.oncokb.org/gene/TP53/p.E258*/PAAD', 'Type': 'Nonsense Mutation', 'VAF (%)': 88, 't_alt_count': 91, 't_depth': 104}]",45
100-PM-037_LCM3-v1,PASS-01,"[{'Chromosome': '9p21.3', 'Copy State': 'Deep Deletion', 'Gene': 'CDKN2A', 'Gene_URL': 'https://www.oncokb.org/gene/CDKN2A', 'OncoKB': 'Level 4', 'Protein': 'p.Y44*', 'Protein_URL': 'https://www.oncokb.org/gene/CDKN2A/p.Y44*/PAAD', 'Type': 'Nonsense Mutation', 'VAF (%)': 52, 't_alt_count': 30, 't_depth': 58}, {'Chromosome': '12p12.1', 'Copy State': 'Amplification', 'Gene': 'KRAS', 'Gene_URL': 'https://www.oncokb.org/gene/KRAS', 'OncoKB': 'Level 4', 'Protein': 'p.G12D', 'Protein_URL': 'https://www.oncokb.org/gene/KRAS/p.G12D/PAAD', 'Type': 'Missense Mutation', 'VAF (%)': 63, 't_alt_count': 112, 't_depth': 179}, {'Chromosome': '17p13.1', 'Copy State': 'Shallow Deletion', 'Gene': 'TP53', 'Gene_URL': 'https://www.oncokb.org/gene/TP53', 'OncoKB': 'Likely Oncogenic', 'Protein': 'p.M243_M246dup', 'Protein_URL': 'https://www.oncokb.org/gene/TP53/p.M243_M246dup/PAAD', 'Type': 'In Frame Ins', 'VAF (%)': 79, 't_alt_count': 61, 't_depth': 77}, {'Chromosome': '17p13.1', 'Copy State': 'Shallow Deletion', 'Gene': 'TP53', 'Gene_URL': 'https://www.oncokb.org/gene/TP53', 'OncoKB': 'Likely Oncogenic', 'Protein': 'p.R158C', 'Protein_URL': 'https://www.oncokb.org/gene/TP53/p.R158C/PAAD', 'Type': 'Missense Mutation', 'VAF (%)': 42, 't_alt_count': 47, 't_depth': 112}, {'Chromosome': '18q21.2', 'Copy State': 'Shallow Deletion', 'Gene': 'SMAD4', 'Gene_URL': 'https://www.oncokb.org/gene/SMAD4', 'OncoKB': 'Likely Oncogenic', 'Protein': 'p.T521Nfs*6', 'Protein_URL': 'https://www.oncokb.org/gene/SMAD4/p.T521Nfs*6/PAAD', 'Type': 'Frame Shift Ins', 'VAF (%)': 70, 't_alt_count': 42, 't_depth': 60}]",61
100-PM-039_LCM4-v1,PASS-01,"[{'Chromosome': '9p21.3', 'Copy State': 'Shallow Deletion', 'Gene': 'CDKN2A', 'Gene_URL': 'https://www.oncokb.org/gene/CDKN2A', 'OncoKB': 'Level 4', 'Protein': 'p.Y44*', 'Protein_URL': 'https://www.oncokb.org/gene/CDKN2A/p.Y44*/PAAD', 'Type': 'Frame Shift Del', 'VAF (%)': 56, 't_alt_count': 49, 't_depth': 86}, {'Chromosome': '12p12.1', 'Copy State': 'Amplification', 'Gene': 'KRAS', 'Gene_URL': 'https://www.oncokb.org/gene/KRAS', 'OncoKB': 'Level 4', 'Protein': 'p.G12V', 'Protein_URL': 'https://www.oncokb.org/gene/KRAS/p.G12V/PAAD', 'Type': 'Missense Mutation', 'VAF (%)': 48, 't_alt_count': 75, 't_depth': 157}, {'Chromosome': '17p13.1', 'Copy State': 'Shallow Deletion', 'Gene': 'TP53', 'Gene_URL': 'https://www.oncokb.org/gene/TP53', 'OncoKB': 'Likely Oncogenic', 'Protein': 'p.L145Q', 'Protein_URL': 'https://www.oncokb.org/gene/TP53/p.L145Q/PAAD', 'Type': 'Missense Mutation', 'VAF (%)': 67, 't_alt_count': 66, 't_depth': 98}, {'Chromosome': '17p13.1', 'Copy State': 'Shallow Deletion', 'Gene': 'TP53', 'Gene_URL': 'https://www.oncokb.org/gene/TP53', 'OncoKB': 'Likely Oncogenic', 'Protein': 'p.Q144*', 'Protein_URL': 'https://www.oncokb.org/gene/TP53/p.Q144*/PAAD', 'Type': 'Nonsense Mutation', 'VAF (%)': 67, 't_alt_count': 66, 't_depth': 98}]",56
100-PM-040_LCM3_6-v1,PASS-01,"[{'Chromosome': '9p21.3', 'Copy State': 'Shallow Deletion', 'Gene': 'CDKN2A', 'Gene_URL': 'https://www.oncokb.org/gene/CDKN2A', 'OncoKB': 'Level 4', 'Protein': 'p.H98Wfs*42', 'Protein_URL': 'https://www.oncokb.org/gene/CDKN2A/p.H98Wfs*42/PAAD', 'Type': 'Frame Shift Del', 'VAF (%)': 27, 't_alt_count': 55, 't_depth': 205}, {'Chromosome': '12p12.1', 'Copy State': 'Amplification', 'Gene': 'KRAS', 'Gene_URL': 'https://www.oncokb.org/gene/KRAS', 'OncoKB': 'Level 4', 'Protein': 'p.G12V', 'Protein_URL': 'https://www.oncokb.org/gene/KRAS/p.G12V/PAAD', 'Type': 'Missense Mutation', 'VAF (%)': 53, 't_alt_count': 96, 't_depth': 181}, {'Chromosome': '17p13.1', 'Copy State': 'Neutral', 'Gene': 'TP53', 'Gene_URL': 'https://www.oncokb.org/gene/TP53', 'OncoKB': 'Likely Oncogenic', 'Protein': 'p.Y163C', 'Protein_URL': 'https://www.oncokb.org/gene/TP53/p.Y163C/PAAD', 'Type': 'Missense Mutation', 'VAF (%)': 52, 't_alt_count': 100, 't_depth': 192}, {'Chromosome': '18q21.2', 'Copy State': 'Shallow Deletion', 'Gene': 'SMAD4', 'Gene_URL': 'https://www.oncokb.org/gene/SMAD4', 'OncoKB': 'Likely Oncogenic', 'Protein': 'p.R445*', 'Protein_URL': 'https://www.oncokb.org/gene/SMAD4/p.R445*/PAAD', 'Type': 'Nonsense Mutation', 'VAF (%)': 31, 't_alt_count': 32, 't_depth': 102}]",23
100-PM-041_LCM4-v1,PASS-01,"[{'Chromosome': '12p12.1', 'Copy State': 'Neutral', 'Gene': 'KRAS', 'Gene_URL': 'https://www.oncokb.org/gene/KRAS', 'OncoKB': 'Level 4', 'Protein': 'p.G12V', 'Protein_URL': 'https://www.oncokb.org/gene/KRAS/p.G12V/PAAD', 'Type': 'Missense Mutation', 'VAF (%)': 25, 't_alt_count': 35, 't_depth': 140}, {'Chromosome': '17p13.1', 'Copy State': 'Shallow Deletion', 'Gene': 'TP53', 'Gene_URL': 'https://www.oncokb.org/gene/TP53', 'OncoKB': 'Likely Oncogenic', 'Protein': 'p.N29Tfs*15', 'Protein_URL': 'https://www.oncokb.org/gene/TP53/p.N29Tfs*15/PAAD', 'Type': 'Frame Shift Del', 'VAF (%)': 39, 't_alt_count': 33, 't_depth': 85}]",38
100-PM-042_LCM1-v1,PASS-01,"[{'Chromosome': '9p21.3', 'Copy State': 'Shallow Deletion', 'Gene': 'CDKN2A', 'Gene_URL': 'https://www.oncokb.org/gene/CDKN2A', 'OncoKB': 'Level 4', 'Protein': 'p.R87Gfs*59', 'Protein_URL': 'https://www.oncokb.org/gene/CDKN2A/p.R87Gfs*59/PAAD', 'Type': 'Frame Shift Del', 'VAF (%)': 48, 't_alt_count': 35, 't_depth': 73}, {'Chromosome': '12p12.1', 'Copy State': 'Neutral', 'Gene': 'KRAS', 'Gene_URL': 'https://www.oncokb.org/gene/KRAS', 'OncoKB': 'Level 4', 'Protein': 'p.G12R', 'Protein_URL': 'https://www.oncokb.org/gene/KRAS/p.G12R/PAAD', 'Type': 'Missense Mutation', 'VAF (%)': 23, 't_alt_count': 18, 't_depth': 80}, {'Chromosome': '17p13.1', 'Copy State': 'Neutral', 'Gene': 'TP53', 'Gene_URL': 'https://www.oncokb.org/gene/TP53', 'OncoKB': 'Likely Oncogenic', 'Protein': 'p.Y163C', 'Protein_URL': 'https://www.oncokb.org/gene/TP53/p.Y163C/PAAD', 'Type': 'Missense Mutation', 'VAF (%)': 78, 't_alt_count': 171, 't_depth': 219}]",37
100-PM-043_LCM4-v1,PASS-01,"[{'Chromosome': '12p12.1', 'Copy State': 'Neutral', 'Gene': 'KRAS', 'Gene_URL': 'https://www.oncokb.org/gene/KRAS', 'OncoKB': 'Level 4', 'Protein': 'p.Q61R', 'Protein_URL': 'https://www.oncokb.org/gene/KRAS/p.Q61R/PAAD', 'Type': 'Missense Mutation', 'VAF (%)': 43, 't_alt_count': 55, 't_depth': 129}, {'Chromosome': '2q33.1', 'Copy State': 'Neutral', 'Gene': 'SF3B1', 'Gene_URL': 'https://www.oncokb.org/gene/SF3B1', 'OncoKB': 'Likely Oncogenic', 'Protein': 'p.R625H', 'Protein_URL': 'https://www.oncokb.org/gene/SF3B1/p.R625H/PAAD', 'Type': 'Missense Mutation', 'VAF (%)': 37, 't_alt_count': 47, 't_depth': 127}, {'Chromosome': '17p13.1', 'Copy State': 'Shallow Deletion', 'Gene': 'TP53', 'Gene_URL': 'https://www.oncokb.org/gene/TP53', 'OncoKB': 'Likely Oncogenic', 'Protein': 'p.G266R', 'Protein_URL': 'https://www.oncokb.org/gene/TP53/p.G266R/PAAD', 'Type': 'Missense Mutation', 'VAF (%)': 94, 't_alt_count': 94, 't_depth': 100}]",70
100-PM-046_LCM4-v1,PASS01,"[{'Gene': 'ARID1A', 'Gene_URL': 'https://www.oncokb.org/gene/ARID1A', 'Chromosome': '1p36.11', 'Protein': 'p.P1899Tfs*2', 'Protein_URL': 'https://www.oncokb.org/gene/ARID1A/p.P1899Tfs*2/PAAD', 'Type': 'Frame Shift Ins', 'VAF (%)': 96, 't_depth': 101, 't_alt_count': 97, 'Copy State': 'Neutral', 'OncoKB': 'Level 4'}, {'Gene': 'KRAS', 'Gene_URL': 'https://www.oncokb.org/gene/KRAS', 'Chromosome': '12p12.1', 'Protein': 'p.G12D', 'Protein_URL': 'https://www.oncokb.org/gene/KRAS/p.G12D/PAAD', 'Type': 'Missense Mutation', 'VAF (%)': 68, 't_depth': 193, 't_alt_count': 132, 'Copy State': 'Amplification', 'OncoKB': 'Level 4'}, {'Gene': 'TP53', 'Gene_URL': 'https://www.oncokb.org/gene/TP53', 'Chromosome': '17p13.1', 'Protein': 'p.R273H', 'Protein_URL': 'https://www.oncokb.org/gene/TP53/p.R273H/PAAD', 'Type': 'Missense Mutation', 'VAF (%)': 93, 't_depth': 84, 't_alt_count': 78, 'Copy State': 'Shallow Deletion', 'OncoKB': 'Oncogenic'}]",40
100-PM-047_LCM1_4-v1,PASS-01,"[{'Chromosome': '12p12.1', 'Copy State': 'Neutral', 'Gene': 'KRAS', 'Gene_URL': 'https://www.oncokb.org/gene/KRAS', 'OncoKB': 'Level 4', 'Protein': 'p.G12D', 'Protein_URL': 'https://www.oncokb.org/gene/KRAS/p.G12D/PAAD', 'Type': 'Missense Mutation', 'VAF (%)': 64, 't_alt_count': 147, 't_depth': 231}, {'Chromosome': '17p13.1', 'Copy State': 'Neutral', 'Gene': 'TP53', 'Gene_URL': 'https://www.oncokb.org/gene/TP53', 'OncoKB': 'Likely Oncogenic', 'Protein': 'p.C135Ffs*15', 'Protein_URL': 'https://www.oncokb.org/gene/TP53/p.C135Ffs*15/PAAD', 'Type': 'Frame Shift Ins', 'VAF (%)': 86, 't_alt_count': 133, 't_depth': 154}]",33
100-PM-048_LCM4-v1,PASS-01,"[{'Chromosome': '12p12.1', 'Copy State': 'Gain', 'Gene': 'KRAS', 'Gene_URL': 'https://www.oncokb.org/gene/KRAS', 'OncoKB': 'Level 4', 'Protein': 'p.G12D', 'Protein_URL': 'https://www.oncokb.org/gene/KRAS/p.G12D/PAAD', 'Type': 'Missense Mutation', 'VAF (%)': 43, 't_alt_count': 57, 't_depth': 132}, {'Chromosome': '17p13.1', 'Copy State': 'Shallow Deletion', 'Gene': 'TP53', 'Gene_URL': 'https://www.oncokb.org/gene/TP53', 'OncoKB': 'Likely Oncogenic', 'Protein': 'p.Y234C', 'Protein_URL': 'https://www.oncokb.org/gene/TP53/p.Y234C/PAAD', 'Type': 'Missense Mutation', 'VAF (%)': 56, 't_alt_count': 41, 't_depth': 72}]",43
100-PM-049_LCM3-v1,PASS-01,"[{'Chromosome': '9p21.3', 'Copy State': 'Shallow Deletion', 'Gene': 'CDKN2A', 'Gene_URL': 'https://www.oncokb.org/gene/CDKN2A', 'OncoKB': 'Level 4', 'Protein': 'p.?(c.-6_54del)', 'Protein_URL': 'https://www.oncokb.org/gene/CDKN2A/Deletion/PAAD', 'Type': 'Translation Start Site', 'VAF (%)': 70, 't_alt_count': 51, 't_depth': 73}, {'Chromosome': '12p12.1', 'Copy State': 'Gain', 'Gene': 'KRAS', 'Gene_URL': 'https://www.oncokb.org/gene/KRAS', 'OncoKB': 'Level 4', 'Protein': 'p.G12V', 'Protein_URL': 'https://www.oncokb.org/gene/KRAS/p.G12V/PAAD', 'Type': 'Missense Mutation', 'VAF (%)': 86, 't_alt_count': 144, 't_depth': 167}, {'Chromosome': '17p13.1', 'Copy State': 'Neutral', 'Gene': 'TP53', 'Gene_URL': 'https://www.oncokb.org/gene/TP53', 'OncoKB': 'Likely Oncogenic', 'Protein': 'p.Y126C', 'Protein_URL': 'https://www.oncokb.org/gene/TP53/p.Y126C/PAAD', 'Type': 'Missense Mutation', 'VAF (%)': 86, 't_alt_count': 80, 't_depth': 93}, {'Chromosome': '17q24.1', 'Copy State': 'Gain', 'Gene': 'AXIN2', 'Gene_URL': 'https://www.oncokb.org/gene/AXIN2', 'OncoKB': 'Likely Oncogenic', 'Protein': 'p.V365Wfs*10', 'Protein_URL': 'https://www.oncokb.org/gene/AXIN2/p.V365Wfs*10/PAAD', 'Type': 'Frame Shift Del', 'VAF (%)': 36, 't_alt_count': 55, 't_depth': 152}, {'Chromosome': 'Xp11.3', 'Copy State': 'Neutral', 'Gene': 'KDM6A', 'Gene_URL': 'https://www.oncokb.org/gene/KDM6A', 'OncoKB': 'Likely Oncogenic', 'Protein': 'p.W1310*', 'Protein_URL': 'https://www.oncokb.org/gene/KDM6A/p.W1310*/PAAD', 'Type': 'Nonsense Mutation', 'VAF (%)': 94, 't_alt_count': 81, 't_depth': 86}]",59
100_JHU_004_LCM3_6-v1,PASS-01,"[{'Chromosome': '12p12.1', 'Copy State': 'Neutral', 'Gene': 'KRAS', 'Gene_URL': 'https://www.oncokb.org/gene/KRAS', 'OncoKB': 'Level 4', 'Protein': 'p.G12D', 'Protein_URL': 'https://www.oncokb.org/gene/KRAS/p.G12D/PAAD', 'Type': 'Missense Mutation', 'VAF (%)': 42, 't_alt_count': 26, 't_depth': 62}, {'Chromosome': '17p13.1', 'Copy State': 'Shallow Deletion', 'Gene': 'TP53', 'Gene_URL': 'https://www.oncokb.org/gene/TP53', 'OncoKB': 'Likely Oncogenic', 'Protein': 'p.R196*', 'Protein_URL': 'https://www.oncokb.org/gene/TP53/p.R196*/PAAD', 'Type': 'Nonsense Mutation', 'VAF (%)': 61, 't_alt_count': 31, 't_depth': 51}]",49
100_PM_024_LCM3_4-v1,PASS-01,"[{'Chromosome': '7q34', 'Copy State': 'Amplification', 'Gene': 'BRAF', 'Gene_URL': 'https://www.oncokb.org/gene/BRAF', 'OncoKB': 'Oncogenic', 'Protein': 'p.V600_K601delinsE', 'Protein_URL': 'https://www.oncokb.org/gene/BRAF/p.V600_K601delinsE/PAAD', 'Type': 'In Frame Del', 'VAF (%)': 61, 't_alt_count': 71, 't_depth': 116}, {'Chromosome': '7q36.1', 'Copy State': 'Amplification', 'Gene': 'KMT2C', 'Gene_URL': 'https://www.oncokb.org/gene/KMT2C', 'OncoKB': 'Likely Oncogenic', 'Protein': 'p.Y2218*', 'Protein_URL': 'https://www.oncokb.org/gene/KMT2C/p.Y2218*/PAAD', 'Type': 'Nonsense Mutation', 'VAF (%)': 65, 't_alt_count': 118, 't_depth': 181}, {'Chromosome': '17p13.1', 'Copy State': 'Shallow Deletion', 'Gene': 'TP53', 'Gene_URL': 'https://www.oncokb.org/gene/TP53', 'OncoKB': 'Likely Oncogenic', 'Protein': 'p.V172G', 'Protein_URL': 'https://www.oncokb.org/gene/TP53/p.V172G/PAAD', 'Type': 'Missense Mutation', 'VAF (%)': 77, 't_alt_count': 65, 't_depth': 84}, {'Chromosome': '18q21.2', 'Copy State': 'Shallow Deletion', 'Gene': 'SMAD4', 'Gene_URL': 'https://www.oncokb.org/gene/SMAD4', 'OncoKB': 'Likely Oncogenic', 'Protein': 'p.R361H', 'Protein_URL': 'https://www.oncokb.org/gene/SMAD4/p.R361H/PAAD', 'Type': 'Missense Mutation', 'VAF (%)': 83, 't_alt_count': 49, 't_depth': 59}]",42
CYP-002_LCM-v1,CYPRESS,"[{'Chromosome': '9q34.3', 'Copy State': 'Gain', 'Gene': 'NOTCH1', 'Gene_URL': 'https://www.oncokb.org/gene/NOTCH1', 'OncoKB': 'Oncogenic', 'Protein': 'p.Y1167Wfs*17', 'Protein_URL': 'https://www.oncokb.org/gene/NOTCH1/p.Y1167Wfs*17/TCGA_ALL_TUMOR', 'Type': 'Frame Shift Ins', 'VAF (%)': 24, 't_alt_count': 39, 't_depth': 162}, {'Chromosome': '7q36.1', 'Copy State': 'Neutral', 'Gene': 'EZH2', 'Gene_URL': 'https://www.oncokb.org/gene/EZH2', 'OncoKB': 'Likely Oncogenic', 'Protein': '', 'Protein_URL': 'https://www.oncokb.org/gene/EZH2//TCGA_ALL_TUMOR', 'Type': 'Splice Region', 'VAF (%)': 28, 't_alt_count': 30, 't_depth': 107}, {'Chromosome': '7q36.1', 'Copy State': 'Neutral', 'Gene': 'EZH2', 'Gene_URL': 'https://www.oncokb.org/gene/EZH2', 'OncoKB': 'Likely Oncogenic', 'Protein': 'p.X703_splice', 'Protein_URL': 'https://www.oncokb.org/gene/EZH2/p.X703_splice/TCGA_ALL_TUMOR', 'Type': 'Splice Site', 'VAF (%)': 28, 't_alt_count': 30, 't_depth': 107}, {'Chromosome': '17p13.1', 'Copy State': 'Shallow Deletion', 'Gene': 'TP53', 'Gene_URL': 'https://www.oncokb.org/gene/TP53', 'OncoKB': 'Likely Oncogenic', 'Protein': 'p.N239Kfs*24', 'Protein_URL': 'https://www.oncokb.org/gene/TP53/p.N239Kfs*24/TCGA_ALL_TUMOR', 'Type': 'Frame Shift Del', 'VAF (%)': 66, 't_alt_count': 59, 't_depth': 90}]",169
CYP-004_LCM-v1,CYP,"[{'Chromosome': '12q24.13', 'Copy State': 'Shallow Deletion', 'Gene': 'PTPN11', 'Gene_URL': 'https://www.oncokb.org/gene/PTPN11', 'OncoKB': 'Oncogenic', 'Protein': 'p.T507K', 'Protein_URL': 'https://www.oncokb.org/gene/PTPN11/p.T507K/CHOL', 'Type': 'Missense Mutation', 'VAF (%)': 48, 't_alt_count': 52, 't_depth': 109}, {'Chromosome': '17p13.1', 'Copy State': 'Shallow Deletion', 'Gene': 'TP53', 'Gene_URL': 'https://www.oncokb.org/gene/TP53', 'OncoKB': 'Oncogenic', 'Protein': 'p.G245S', 'Protein_URL': 'https://www.oncokb.org/gene/TP53/p.G245S/CHOL', 'Type': 'Missense Mutation', 'VAF (%)': 86, 't_alt_count': 96, 't_depth': 111}, {'Chromosome': '12p13.1', 'Copy State': 'Amplification', 'Gene': 'CDKN1B', 'Gene_URL': 'https://www.oncokb.org/gene/CDKN1B', 'OncoKB': 'Likely Oncogenic', 'Protein': 'p.D37Afs*8', 'Protein_URL': 'https://www.oncokb.org/gene/CDKN1B/p.D37Afs*8/CHOL', 'Type': 'Frame Shift Ins', 'VAF (%)': 65, 't_alt_count': 219, 't_depth': 335}, {'Chromosome': 'Xp11.4', 'Copy State': 'Neutral', 'Gene': 'BCOR', 'Gene_URL': 'https://www.oncokb.org/gene/BCOR', 'OncoKB': 'Likely Oncogenic', 'Protein': 'p.C1044*', 'Protein_URL': 'https://www.oncokb.org/gene/BCOR/p.C1044*/CHOL', 'Type': 'Nonsense Mutation', 'VAF (%)': 96, 't_alt_count': 64, 't_depth': 67}]",86
HPB-005_Lv_P-v1,HPB,[],13
HPB-119_LCM-v1,HPB,"[{'Chromosome': '12p12.1', 'Copy State': 'Amplification', 'Gene': 'KRAS', 'Gene_URL': 'https://www.oncokb.org/gene/KRAS', 'OncoKB': 'Level 4', 'Protein': 'p.G12D', 'Protein_URL': 'https://www.oncokb.org/gene/KRAS/p.G12D/PAAD', 'Type': 'Missense Mutation', 'VAF (%)': 62, 't_alt_count': 53, 't_depth': 86}, {'Chromosome': '12q13.2', 'Copy State': 'Neutral', 'Gene': 'ERBB3', 'Gene_URL': 'https://www.oncokb.org/gene/ERBB3', 'OncoKB': 'Oncogenic', 'Protein': 'p.E928G', 'Protein_URL': 'https://www.oncokb.org/gene/ERBB3/p.E928G/PAAD', 'Type': 'Missense Mutation', 'VAF (%)': 89, 't_alt_count': 75, 't_depth': 84}, {'Chromosome': '14q32.33', 'Copy State': 'Shallow Deletion', 'Gene': 'AKT1', 'Gene_URL': 'https://www.oncokb.org/gene/AKT1', 'OncoKB': 'Likely Oncogenic', 'Protein': 'p.R370H', 'Protein_URL': 'https://www.oncokb.org/gene/AKT1/p.R370H/PAAD', 'Type': 'Missense Mutation', 'VAF (%)': 10, 't_alt_count': 4, 't_depth': 40}, {'Chromosome': '16q24.3', 'Copy State': 'Neutral', 'Gene': 'ANKRD11', 'Gene_URL': 'https://www.oncokb.org/gene/ANKRD11', 'OncoKB': 'Likely Oncogenic', 'Protein': 'p.E1603Dfs*36', 'Protein_URL': 'https://www.oncokb.org/gene/ANKRD11/p.E1603Dfs*36/PAAD', 'Type': 'Frame Shift Del', 'VAF (%)': 38, 't_alt_count': 18, 't_depth': 47}]",62
HPB-170_LCM3-v1,PANXWGTS,"[{'Chromosome': '12p12.1', 'Copy State': 'Neutral', 'Gene': 'KRAS', 'Gene_URL': 'https://www.oncokb.org/gene/KRAS', 'OncoKB': 'Level 4', 'Protein': 'p.G12R', 'Protein_URL': 'https://www.oncokb.org/gene/KRAS/p.G12R/PAAD', 'Type': 'Missense Mutation', 'VAF (%)': 42, 't_alt_count': 50, 't_depth': 120}, {'Chromosome': '17p13.1', 'Copy State': 'Shallow Deletion', 'Gene': 'TP53', 'Gene_URL': 'https://www.oncokb.org/gene/TP53', 'OncoKB': 'Likely Oncogenic', 'Protein': 'p.N345Mfs*25', 'Protein_URL': 'https://www.oncokb.org/gene/TP53/p.N345Mfs*25/PAAD', 'Type': 'Frame Shift Del', 'VAF (%)': 45, 't_alt_count': 36, 't_depth': 80}]",38
HPB-198_LCM2-v1,PANXWGTS,"[{'Chromosome': '3q26.32', 'Copy State': 'Neutral', 'Gene': 'PIK3CA', 'Gene_URL': 'https://www.oncokb.org/gene/PIK3CA', 'OncoKB': 'Level 3B', 'Protein': 'p.H1047L', 'Protein_URL': 'https://www.oncokb.org/gene/PIK3CA/p.H1047L/PAAD', 'Type': 'Missense Mutation', 'VAF (%)': 47, 't_alt_count': 43, 't_depth': 92}, {'Chromosome': '9p21.3', 'Copy State': 'Shallow Deletion', 'Gene': 'CDKN2A', 'Gene_URL': 'https://www.oncokb.org/gene/CDKN2A', 'OncoKB': 'Level 4', 'Protein': 'p.S43Rfs*76', 'Protein_URL': 'https://www.oncokb.org/gene/CDKN2A/p.S43Rfs*76/PAAD', 'Type': 'Frame Shift Del', 'VAF (%)': 72, 't_alt_count': 54, 't_depth': 75}, {'Chromosome': '9p21.3', 'Copy State': 'Shallow Deletion', 'Gene': 'CDKN2A', 'Gene_URL': 'https://www.oncokb.org/gene/CDKN2A', 'OncoKB': 'Level 4', 'Protein': 'p.N42Kfs*77', 'Protein_URL': 'https://www.oncokb.org/gene/CDKN2A/p.N42Kfs*77/PAAD', 'Type': 'Frame Shift Del', 'VAF (%)': 72, 't_alt_count': 54, 't_depth': 75}, {'Chromosome': '12p12.1', 'Copy State': 'Neutral', 'Gene': 'KRAS', 'Gene_URL': 'https://www.oncokb.org/gene/KRAS', 'OncoKB': 'Level 4', 'Protein': 'p.G12V', 'Protein_URL': 'https://www.oncokb.org/gene/KRAS/p.G12V/PAAD', 'Type': 'Missense Mutation', 'VAF (%)': 55, 't_alt_count': 29, 't_depth': 53}, {'Chromosome': '17p13.1', 'Copy State': 'Shallow Deletion', 'Gene': 'TP53', 'Gene_URL': 'https://www.oncokb.org/gene/TP53', 'OncoKB': 'Likely Oncogenic', 'Protein': 'p.R280T', 'Protein_URL': 'https://www.oncokb.org/gene/TP53/p.R280T/PAAD', 'Type': 'Missense Mutation', 'VAF (%)': 85, 't_alt_count': 45, 't_depth': 53}]",66
HPB-208_LCM-v1,HPB,"[{'Chromosome': '7q34', 'Copy State': 'Gain', 'Gene': 'BRAF', 'Gene_URL': 'https://www.oncokb.org/gene/BRAF', 'OncoKB': 'Level 1', 'Protein': 'p.V600E', 'Protein_URL': 'https://www.oncokb.org/gene/BRAF/p.V600E/CHOL', 'Type': 'Missense Mutation', 'VAF (%)': 36, 't_alt_count': 59, 't_depth': 163}]",77
HPB-212_LCM1_3-v1,PANXWGTS,"[{'Chromosome': '12p12.1', 'Copy State': 'Neutral', 'Gene': 'KRAS', 'Gene_URL': 'https://www.oncokb.org/gene/KRAS', 'OncoKB': 'Level 4', 'Protein': 'p.G12S', 'Protein_URL': 'https://www.oncokb.org/gene/KRAS/p.G12S/TCGA_ALL_TUMOR', 'Type': 'Missense Mutation', 'VAF (%)': 97, 't_alt_count': 149, 't_depth': 154}, {'Chromosome': '5p15.33', 'Copy State': 'Neutral', 'Gene': 'TERT', 'Gene_URL': 'https://www.oncokb.org/gene/TERT', 'OncoKB': 'Oncogenic', 'Protein': '', 'Protein_URL': 'https://www.oncokb.org/gene/TERT//TCGA_ALL_TUMOR', 'Type': ""5'Flank"", 'VAF (%)': 50, 't_alt_count': 73, 't_depth': 145}, {'Chromosome': '5q22.2', 'Copy State': 'Neutral', 'Gene': 'APC', 'Gene_URL': 'https://www.oncokb.org/gene/APC', 'OncoKB': 'Likely Oncogenic', 'Protein': 'p.L665Ifs*8', 'Protein_URL': 'https://www.oncokb.org/gene/APC/p.L665Ifs*8/TCGA_ALL_TUMOR', 'Type': 'Frame Shift Del', 'VAF (%)': 53, 't_alt_count': 57, 't_depth': 107}, {'Chromosome': '5q22.2', 'Copy State': 'Neutral', 'Gene': 'APC', 'Gene_URL': 'https://www.oncokb.org/gene/APC', 'OncoKB': 'Likely Oncogenic', 'Protein': 'p.E1544*', 'Protein_URL': 'https://www.oncokb.org/gene/APC/p.E1544*/TCGA_ALL_TUMOR', 'Type': 'Nonsense Mutation', 'VAF (%)': 53, 't_alt_count': 85, 't_depth': 159}, {'Chromosome': '17q24.3', 'Copy State': 'Neutral', 'Gene': 'SOX9', 'Gene_URL': 'https://www.oncokb.org/gene/SOX9', 'OncoKB': 'Likely Oncogenic', 'Protein': 'p.G225Afs*28', 'Protein_URL': 'https://www.oncokb.org/gene/SOX9/p.G225Afs*28/TCGA_ALL_TUMOR', 'Type': 'Frame Shift Del', 'VAF (%)': 43, 't_alt_count': 78, 't_depth': 181}]",79
HPB-235_LCM1_2-v1,HPB,"[{'Chromosome': '12p12.1', 'Copy State': 'Neutral', 'Gene': 'KRAS', 'Gene_URL': 'https://www.oncokb.org/gene/KRAS', 'OncoKB': 'Level 4', 'Protein': 'p.G12V', 'Protein_URL': 'https://www.oncokb.org/gene/KRAS/p.G12V/PAAD', 'Type': 'Missense Mutation', 'VAF (%)': 46, 't_alt_count': 32, 't_depth': 69}]",32
LBR-0008_LCM-v1,LBR,"[{'Chromosome': '12p12.1', 'Copy State': 'Gain', 'Gene': 'KRAS', 'Gene_URL': 'https://www.oncokb.org/gene/KRAS', 'OncoKB': 'Level 4', 'Protein': 'p.G12D', 'Protein_URL': 'https://www.oncokb.org/gene/KRAS/p.G12D/CHOL', 'Type': 'Missense Mutation', 'VAF (%)': 33, 't_alt_count': 56, 't_depth': 172}, {'Chromosome': '17p13.1', 'Copy State': 'Shallow Deletion', 'Gene': 'TP53', 'Gene_URL': 'https://www.oncokb.org/gene/TP53', 'OncoKB': 'Likely Oncogenic', 'Protein': 'p.R213*', 'Protein_URL': 'https://www.oncokb.org/gene/TP53/p.R213*/CHOL', 'Type': 'Nonsense Mutation', 'VAF (%)': 98, 't_alt_count': 84, 't_depth': 86}]",34
LBR-0012_LCM-v1,LBR,"[{'Chromosome': '3p21.1', 'Copy State': 'Shallow Deletion', 'Gene': 'PBRM1', 'Gene_URL': 'https://www.oncokb.org/gene/PBRM1', 'OncoKB': 'Likely Oncogenic', 'Protein': 'p.N882Kfs*19', 'Protein_URL': 'https://www.oncokb.org/gene/PBRM1/p.N882Kfs*19/CHOL', 'Type': 'Frame Shift Ins', 'VAF (%)': 50, 't_alt_count': 41, 't_depth': 82}, {'Chromosome': '12q13.12', 'Copy State': 'Neutral', 'Gene': 'KMT2D', 'Gene_URL': 'https://www.oncokb.org/gene/KMT2D', 'OncoKB': 'Likely Oncogenic', 'Protein': 'p.X2037_splice', 'Protein_URL': 'https://www.oncokb.org/gene/KMT2D/p.X2037_splice/CHOL', 'Type': 'Splice Site', 'VAF (%)': 37, 't_alt_count': 47, 't_depth': 127}, {'Chromosome': '17p13.1', 'Copy State': 'Neutral', 'Gene': 'TP53', 'Gene_URL': 'https://www.oncokb.org/gene/TP53', 'OncoKB': 'Likely Oncogenic', 'Protein': 'p.R248Q', 'Protein_URL': 'https://www.oncokb.org/gene/TP53/p.R248Q/CHOL', 'Type': 'Missense Mutation', 'VAF (%)': 66, 't_alt_count': 76, 't_depth': 116}]",45
LBR-0012_LCM-v1-db2,LBR,"[{'Chromosome': '12q13.12', 'Copy State': 'Gain', 'Gene': 'KMT2D', 'Gene_URL': 'https://www.oncokb.org/gene/KMT2D', 'OncoKB': 'Likely Oncogenic', 'Protein': 'p.X2037_splice', 'Protein_URL': 'https://www.oncokb.org/gene/KMT2D/p.X2037_splice/CHOL', 'Type': 'Splice Site', 'VAF (%)': 25, 't_alt_count': 34, 't_depth': 135}, {'Chromosome': '3p21.1', 'Copy State': 'Shallow Deletion', 'Gene': 'PBRM1', 'Gene_URL': 'https://www.oncokb.org/gene/PBRM1', 'OncoKB': 'Likely Oncogenic', 'Protein': 'p.N882Kfs*19', 'Protein_URL': 'https://www.oncokb.org/gene/PBRM1/p.N882Kfs*19/CHOL', 'Type': 'Frame Shift Ins', 'VAF (%)': 64, 't_alt_count': 44, 't_depth': 69}, {'Chromosome': '17p13.1', 'Copy State': 'Neutral', 'Gene': 'TP53', 'Gene_URL': 'https://www.oncokb.org/gene/TP53', 'OncoKB': 'Likely Oncogenic', 'Protein': 'p.R248Q', 'Protein_URL': 'https://www.oncokb.org/gene/TP53/p.R248Q/CHOL', 'Type': 'Missense Mutation', 'VAF (%)': 68, 't_alt_count': 96, 't_depth': 142}]",47
LBR-0015_LCM-v1,LBR,"[{'Chromosome': '2q34', 'Copy State': 'Neutral', 'Gene': 'IDH1', 'Gene_URL': 'https://www.oncokb.org/gene/IDH1', 'OncoKB': 'Level 1', 'Protein': 'p.R132H', 'Protein_URL': 'https://www.oncokb.org/gene/IDH1/p.R132H/CHOL', 'Type': 'Missense Mutation', 'VAF (%)': 48, 't_alt_count': 61, 't_depth': 126}, {'Chromosome': '3p21.1', 'Copy State': 'Shallow Deletion', 'Gene': 'BAP1', 'Gene_URL': 'https://www.oncokb.org/gene/BAP1', 'OncoKB': 'Likely Oncogenic', 'Protein': 'p.Q36*', 'Protein_URL': 'https://www.oncokb.org/gene/BAP1/p.Q36*/CHOL', 'Type': 'Nonsense Mutation', 'VAF (%)': 30, 't_alt_count': 21, 't_depth': 71}]",23
VEN-004-TUM-v1,VENUS,"[{'Chromosome': '3q26.32', 'Copy State': 'Neutral', 'Gene': 'PIK3CA', 'Gene_URL': 'https://www.oncokb.org/gene/PIK3CA', 'OncoKB': 'Level 3B', 'Protein': 'p.E453K', 'Protein_URL': 'https://www.oncokb.org/gene/PIK3CA/p.E453K/UCS', 'Type': 'Missense Mutation', 'VAF (%)': 42, 't_alt_count': 20, 't_depth': 48}, {'Chromosome': '3q26.32', 'Copy State': 'Neutral', 'Gene': 'PIK3CA', 'Gene_URL': 'https://www.oncokb.org/gene/PIK3CA', 'OncoKB': 'Level 3B', 'Protein': 'p.E545K', 'Protein_URL': 'https://www.oncokb.org/gene/PIK3CA/p.E545K/UCS', 'Type': 'Missense Mutation', 'VAF (%)': 37, 't_alt_count': 22, 't_depth': 59}, {'Chromosome': '5p15.33', 'Copy State': 'Shallow Deletion', 'Gene': 'TERT', 'Gene_URL': 'https://www.oncokb.org/gene/TERT', 'OncoKB': 'Oncogenic', 'Protein': '', 'Protein_URL': 'https://www.oncokb.org/gene/TERT//UCS', 'Type': ""5'Flank"", 'VAF (%)': 10, 't_alt_count': 5, 't_depth': 50}]",142
VEN-131_Tumor-v1,VENUS,"[{'Chromosome': '5p15.33', 'Copy State': 'Neutral', 'Gene': 'TERT', 'Gene_URL': 'https://www.oncokb.org/gene/TERT', 'OncoKB': 'Oncogenic', 'Protein': '', 'Protein_URL': 'https://www.oncokb.org/gene/TERT//TCGA_ALL_TUMOR', 'Type': ""5'Flank"", 'VAF (%)': 38, 't_alt_count': 6, 't_depth': 16}, {'Chromosome': '5p15.33', 'Copy State': 'Neutral', 'Gene': 'TERT', 'Gene_URL': 'https://www.oncokb.org/gene/TERT', 'OncoKB': 'Oncogenic', 'Protein': '', 'Protein_URL': 'https://www.oncokb.org/gene/TERT//TCGA_ALL_TUMOR', 'Type': ""5'Flank"", 'VAF (%)': 12, 't_alt_count': 8, 't_depth': 66}, {'Chromosome': '1p34.1', 'Copy State': 'Neutral', 'Gene': 'MUTYH', 'Gene_URL': 'https://www.oncokb.org/gene/MUTYH', 'OncoKB': 'Likely Oncogenic', 'Protein': 'p.Q497*', 'Protein_URL': 'https://www.oncokb.org/gene/MUTYH/p.Q497*/TCGA_ALL_TUMOR', 'Type': 'Nonsense Mutation', 'VAF (%)': 12, 't_alt_count': 4, 't_depth': 32}, {'Chromosome': '1q32.1', 'Copy State': 'Neutral', 'Gene': 'ELF3', 'Gene_URL': 'https://www.oncokb.org/gene/ELF3', 'OncoKB': 'Likely Oncogenic', 'Protein': '', 'Protein_URL': 'https://www.oncokb.org/gene/ELF3//TCGA_ALL_TUMOR', 'Type': 'Splice Region', 'VAF (%)': 14, 't_alt_count': 3, 't_depth': 22}, {'Chromosome': '3q22.3', 'Copy State': 'Neutral', 'Gene': 'FOXL2', 'Gene_URL': 'https://www.oncokb.org/gene/FOXL2', 'OncoKB': 'Likely Oncogenic', 'Protein': 'p.C134W', 'Protein_URL': 'https://www.oncokb.org/gene/FOXL2/p.C134W/TCGA_ALL_TUMOR', 'Type': 'Missense Mutation', 'VAF (%)': 40, 't_alt_count': 4, 't_depth': 10}, {'Chromosome': '4q31.3', 'Copy State': 'Neutral', 'Gene': 'FBXW7', 'Gene_URL': 'https://www.oncokb.org/gene/FBXW7', 'OncoKB': 'Likely Oncogenic', 'Protein': 'p.G670Efs*37', 'Protein_URL': 'https://www.oncokb.org/gene/FBXW7/p.G670Efs*37/TCGA_ALL_TUMOR', 'Type': 'Frame Shift Del', 'VAF (%)': 11, 't_alt_count': 4, 't_depth': 35}]",79
VEN-246-TUM-v1,VENUS,"[{'Chromosome': '3q26.32', 'Copy State': 'Neutral', 'Gene': 'PIK3CA', 'Gene_URL': 'https://www.oncokb.org/gene/PIK3CA', 'OncoKB': 'Level 3B', 'Protein': 'p.E545K', 'Protein_URL': 'https://www.oncokb.org/gene/PIK3CA/p.E545K/OV', 'Type': 'Missense Mutation', 'VAF (%)': 28, 't_alt_count': 20, 't_depth': 68}, {'Chromosome': '5p15.33', 'Copy State': 'Neutral', 'Gene': 'TERT', 'Gene_URL': 'https://www.oncokb.org/gene/TERT', 'OncoKB': 'Oncogenic', 'Protein': '', 'Protein_URL': 'https://www.oncokb.org/gene/TERT//OV', 'Type': ""5'Flank"", 'VAF (%)': 17, 't_alt_count': 8, 't_depth': 47}, {'Chromosome': '5p15.33', 'Copy State': 'Neutral', 'Gene': 'TERT', 'Gene_URL': 'https://www.oncokb.org/gene/TERT', 'OncoKB': 'Oncogenic', 'Protein': '', 'Protein_URL': 'https://www.oncokb.org/gene/TERT//OV', 'Type': ""5'Flank"", 'VAF (%)': 16, 't_alt_count': 9, 't_depth': 56}, {'Chromosome': '11p15.2', 'Copy State': 'Neutral', 'Gene': 'RRAS2', 'Gene_URL': 'https://www.oncokb.org/gene/RRAS2', 'OncoKB': 'Likely Oncogenic', 'Protein': 'p.G24D', 'Protein_URL': 'https://www.oncokb.org/gene/RRAS2/p.G24D/OV', 'Type': 'Missense Mutation', 'VAF (%)': 40, 't_alt_count': 6, 't_depth': 15}, {'Chromosome': 'Unknown', 'Copy State': 'Unknown', 'Gene': 'H3F3A', 'Gene_URL': 'https://www.oncokb.org/gene/H3F3A', 'OncoKB': 'Likely Oncogenic', 'Protein': 'p.K28R', 'Protein_URL': 'https://www.oncokb.org/gene/H3F3A/p.K28R/OV', 'Type': 'Missense Mutation', 'VAF (%)': 26, 't_alt_count': 6, 't_depth': 23}]",47
VEN-329_ARCH_A-v1,VENUS,"[{'Chromosome': '3q26.32', 'Copy State': 'Neutral', 'Gene': 'PIK3CA', 'Gene_URL': 'https://www.oncokb.org/gene/PIK3CA', 'OncoKB': 'Level 3B', 'Protein': 'p.E542K', 'Protein_URL': 'https://www.oncokb.org/gene/PIK3CA/p.E542K/CUPNOS', 'Type': 'Missense Mutation', 'VAF (%)': 31, 't_alt_count': 57, 't_depth': 182}]",20
VEN-329_ARCH_B-v1,VENUS,"[{'Chromosome': '3q26.32', 'Copy State': 'Neutral', 'Gene': 'PIK3CA', 'Gene_URL': 'https://www.oncokb.org/gene/PIK3CA', 'OncoKB': 'Level 3B', 'Protein': 'p.E542K', 'Protein_URL': 'https://www.oncokb.org/gene/PIK3CA/p.E542K/CUPNOS', 'Type': 'Missense Mutation', 'VAF (%)': 42, 't_alt_count': 44, 't_depth': 106}]",21
VEN-355-TUM-v1,VENUS,"[{'Chromosome': '3q26.32', 'Copy State': 'Neutral', 'Gene': 'PIK3CA', 'Gene_URL': 'https://www.oncokb.org/gene/PIK3CA', 'OncoKB': 'Level 3B', 'Protein': 'p.E545K', 'Protein_URL': 'https://www.oncokb.org/gene/PIK3CA/p.E545K/TCGA_ALL_TUMOR', 'Type': 'Missense Mutation', 'VAF (%)': 36, 't_alt_count': 29, 't_depth': 81}, {'Chromosome': '14q13.2', 'Copy State': 'Gain', 'Gene': 'NFKBIA', 'Gene_URL': 'https://www.oncokb.org/gene/NFKBIA', 'OncoKB': 'Likely Oncogenic', 'Protein': 'p.T291Rfs*15', 'Protein_URL': 'https://www.oncokb.org/gene/NFKBIA/p.T291Rfs*15/TCGA_ALL_TUMOR', 'Type': 'Frame Shift Del', 'VAF (%)': 32, 't_alt_count': 28, 't_depth': 87}]",137
VEN-426-TUM-v1,VENUS,"[{'Chromosome': '19p13.2', 'Copy State': 'Gain', 'Gene': 'SMARCA4', 'Gene_URL': 'https://www.oncokb.org/gene/SMARCA4', 'OncoKB': 'Likely Oncogenic', 'Protein': 'p.X813_splice', 'Protein_URL': 'https://www.oncokb.org/gene/SMARCA4/p.X813_splice/OV', 'Type': 'Splice Site', 'VAF (%)': 98, 't_alt_count': 95, 't_depth': 97}]",11
